model,region,code,family,genus,species,parameter,estimate,na_genus
DBH,CA-AB,ABIE.LAS,Pinaceae,Abies,lasiocarpa,bwood1,0.0528,FALSE
DBH,CA-AB,ABIE.LAS,Pinaceae,Abies,lasiocarpa,bwood2,2.4309,FALSE
DBH,CA-AB,ABIE.LAS,Pinaceae,Abies,lasiocarpa,bbark1,0.0108,FALSE
DBH,CA-AB,ABIE.LAS,Pinaceae,Abies,lasiocarpa,bbark2,2.3876,FALSE
DBH,CA-AB,ABIE.LAS,Pinaceae,Abies,lasiocarpa,bbranches1,0.0121,FALSE
DBH,CA-AB,ABIE.LAS,Pinaceae,Abies,lasiocarpa,bbranches2,2.3519,FALSE
DBH,CA-AB,ABIE.LAS,Pinaceae,Abies,lasiocarpa,bfoliage1,0.0251,FALSE
DBH,CA-AB,ABIE.LAS,Pinaceae,Abies,lasiocarpa,bfoliage2,2.0389,FALSE
DBH,"CA-AB, CA-MB, CA-NL, CA-NS, CA-ON, CA-QC, CA-SK",ABIE.BAL,Pinaceae,Abies,balsamea,bwood1,0.0534,FALSE
DBH,"CA-AB, CA-MB, CA-NL, CA-NS, CA-ON, CA-QC, CA-SK",ABIE.BAL,Pinaceae,Abies,balsamea,bwood2,2.403,FALSE
DBH,"CA-AB, CA-MB, CA-NL, CA-NS, CA-ON, CA-QC, CA-SK",ABIE.BAL,Pinaceae,Abies,balsamea,bbark1,0.0115,FALSE
DBH,"CA-AB, CA-MB, CA-NL, CA-NS, CA-ON, CA-QC, CA-SK",ABIE.BAL,Pinaceae,Abies,balsamea,bbark2,2.3484,FALSE
DBH,"CA-AB, CA-MB, CA-NL, CA-NS, CA-ON, CA-QC, CA-SK",ABIE.BAL,Pinaceae,Abies,balsamea,bbranches1,0.007,FALSE
DBH,"CA-AB, CA-MB, CA-NL, CA-NS, CA-ON, CA-QC, CA-SK",ABIE.BAL,Pinaceae,Abies,balsamea,bbranches2,2.5406,FALSE
DBH,"CA-AB, CA-MB, CA-NL, CA-NS, CA-ON, CA-QC, CA-SK",ABIE.BAL,Pinaceae,Abies,balsamea,bfoliage1,0.084,FALSE
DBH,"CA-AB, CA-MB, CA-NL, CA-NS, CA-ON, CA-QC, CA-SK",ABIE.BAL,Pinaceae,Abies,balsamea,bfoliage2,1.6695,FALSE
DBH,"CA-AB, CA-MB, CA-NT, CA-ON, CA-SK",POPU.BAL,Salicaceae,Populus,balsamifera,bwood1,0.051,FALSE
DBH,"CA-AB, CA-MB, CA-NT, CA-ON, CA-SK",POPU.BAL,Salicaceae,Populus,balsamifera,bwood2,2.4529,FALSE
DBH,"CA-AB, CA-MB, CA-NT, CA-ON, CA-SK",POPU.BAL,Salicaceae,Populus,balsamifera,bbark1,0.0297,FALSE
DBH,"CA-AB, CA-MB, CA-NT, CA-ON, CA-SK",POPU.BAL,Salicaceae,Populus,balsamifera,bbark2,2.1131,FALSE
DBH,"CA-AB, CA-MB, CA-NT, CA-ON, CA-SK",POPU.BAL,Salicaceae,Populus,balsamifera,bbranches1,0.012,FALSE
DBH,"CA-AB, CA-MB, CA-NT, CA-ON, CA-SK",POPU.BAL,Salicaceae,Populus,balsamifera,bbranches2,2.4165,FALSE
DBH,"CA-AB, CA-MB, CA-NT, CA-ON, CA-SK",POPU.BAL,Salicaceae,Populus,balsamifera,bfoliage1,0.0276,FALSE
DBH,"CA-AB, CA-MB, CA-NT, CA-ON, CA-SK",POPU.BAL,Salicaceae,Populus,balsamifera,bfoliage2,1.6215,FALSE
DBH,CA-ON,TILI.AME,Malvaceae,Tilia,americana,bwood1,0.0562,FALSE
DBH,CA-ON,TILI.AME,Malvaceae,Tilia,americana,bwood2,2.4102,FALSE
DBH,CA-ON,TILI.AME,Malvaceae,Tilia,americana,bbark1,0.0302,FALSE
DBH,CA-ON,TILI.AME,Malvaceae,Tilia,americana,bbark2,2.0976,FALSE
DBH,CA-ON,TILI.AME,Malvaceae,Tilia,americana,bbranches1,0.023,FALSE
DBH,CA-ON,TILI.AME,Malvaceae,Tilia,americana,bbranches2,2.2382,FALSE
DBH,CA-ON,TILI.AME,Malvaceae,Tilia,americana,bfoliage1,0.0288,FALSE
DBH,CA-ON,TILI.AME,Malvaceae,Tilia,americana,bfoliage2,1.6378,FALSE
DBH,"CA-ON, CA-QC",FAGU.GRA,Fagaceae,Fagus,grandifolia,bwood1,0.1478,FALSE
DBH,"CA-ON, CA-QC",FAGU.GRA,Fagaceae,Fagus,grandifolia,bwood2,2.2986,FALSE
DBH,"CA-ON, CA-QC",FAGU.GRA,Fagaceae,Fagus,grandifolia,bbark1,0.012,FALSE
DBH,"CA-ON, CA-QC",FAGU.GRA,Fagaceae,Fagus,grandifolia,bbark2,2.2388,FALSE
DBH,"CA-ON, CA-QC",FAGU.GRA,Fagaceae,Fagus,grandifolia,bbranches1,0.037,FALSE
DBH,"CA-ON, CA-QC",FAGU.GRA,Fagaceae,Fagus,grandifolia,bbranches2,2.368,FALSE
DBH,"CA-ON, CA-QC",FAGU.GRA,Fagaceae,Fagus,grandifolia,bfoliage1,0.0376,FALSE
DBH,"CA-ON, CA-QC",FAGU.GRA,Fagaceae,Fagus,grandifolia,bfoliage2,1.6164,FALSE
DBH,"CA-ON, CA-QC",FRAX.NIG,Oleaceae,Fraxinus,nigra,bwood1,0.0941,FALSE
DBH,"CA-ON, CA-QC",FRAX.NIG,Oleaceae,Fraxinus,nigra,bwood2,2.3491,FALSE
DBH,"CA-ON, CA-QC",FRAX.NIG,Oleaceae,Fraxinus,nigra,bbark1,0.0323,FALSE
DBH,"CA-ON, CA-QC",FRAX.NIG,Oleaceae,Fraxinus,nigra,bbark2,2.0761,FALSE
DBH,"CA-ON, CA-QC",FRAX.NIG,Oleaceae,Fraxinus,nigra,bbranches1,0.0448,FALSE
DBH,"CA-ON, CA-QC",FRAX.NIG,Oleaceae,Fraxinus,nigra,bbranches2,1.9771,FALSE
DBH,"CA-ON, CA-QC",FRAX.NIG,Oleaceae,Fraxinus,nigra,bfoliage1,0.0538,FALSE
DBH,"CA-ON, CA-QC",FRAX.NIG,Oleaceae,Fraxinus,nigra,bfoliage2,1.3584,FALSE
DBH,CA-ON,PRUN.SER,Rosaceae,Prunus,serotina,bwood1,0.3743,FALSE
DBH,CA-ON,PRUN.SER,Rosaceae,Prunus,serotina,bwood2,1.9406,FALSE
DBH,CA-ON,PRUN.SER,Rosaceae,Prunus,serotina,bbark1,0.0679,FALSE
DBH,CA-ON,PRUN.SER,Rosaceae,Prunus,serotina,bbark2,1.8377,FALSE
DBH,CA-ON,PRUN.SER,Rosaceae,Prunus,serotina,bbranches1,0.0796,FALSE
DBH,CA-ON,PRUN.SER,Rosaceae,Prunus,serotina,bbranches2,2.0103,FALSE
DBH,CA-ON,PRUN.SER,Rosaceae,Prunus,serotina,bfoliage1,0.084,FALSE
DBH,CA-ON,PRUN.SER,Rosaceae,Prunus,serotina,bfoliage2,1.2319,FALSE
DBH,"CA-AB, CA-MB, CA-NL, CA-NT, CA-ON, CA-QC, CA-SK, CA-YT",PICE.MAR,Pinaceae,Picea,mariana,bwood1,0.0477,FALSE
DBH,"CA-AB, CA-MB, CA-NL, CA-NT, CA-ON, CA-QC, CA-SK, CA-YT",PICE.MAR,Pinaceae,Picea,mariana,bwood2,2.5147,FALSE
DBH,"CA-AB, CA-MB, CA-NL, CA-NT, CA-ON, CA-QC, CA-SK, CA-YT",PICE.MAR,Pinaceae,Picea,mariana,bbark1,0.0153,FALSE
DBH,"CA-AB, CA-MB, CA-NL, CA-NT, CA-ON, CA-QC, CA-SK, CA-YT",PICE.MAR,Pinaceae,Picea,mariana,bbark2,2.2429,FALSE
DBH,"CA-AB, CA-MB, CA-NL, CA-NT, CA-ON, CA-QC, CA-SK, CA-YT",PICE.MAR,Pinaceae,Picea,mariana,bbranches1,0.0278,FALSE
DBH,"CA-AB, CA-MB, CA-NL, CA-NT, CA-ON, CA-QC, CA-SK, CA-YT",PICE.MAR,Pinaceae,Picea,mariana,bbranches2,2.0839,FALSE
DBH,"CA-AB, CA-MB, CA-NL, CA-NT, CA-ON, CA-QC, CA-SK, CA-YT",PICE.MAR,Pinaceae,Picea,mariana,bfoliage1,0.1648,FALSE
DBH,"CA-AB, CA-MB, CA-NL, CA-NT, CA-ON, CA-QC, CA-SK, CA-YT",PICE.MAR,Pinaceae,Picea,mariana,bfoliage2,1.4143,FALSE
DBH,"CA-ON, CA-QC",TSUG.CAN,Pinaceae,Tsuga,canadensis,bwood1,0.0619,FALSE
DBH,"CA-ON, CA-QC",TSUG.CAN,Pinaceae,Tsuga,canadensis,bwood2,2.3821,FALSE
DBH,"CA-ON, CA-QC",TSUG.CAN,Pinaceae,Tsuga,canadensis,bbark1,0.0139,FALSE
DBH,"CA-ON, CA-QC",TSUG.CAN,Pinaceae,Tsuga,canadensis,bbark2,2.3282,FALSE
DBH,"CA-ON, CA-QC",TSUG.CAN,Pinaceae,Tsuga,canadensis,bbranches1,0.0217,FALSE
DBH,"CA-ON, CA-QC",TSUG.CAN,Pinaceae,Tsuga,canadensis,bbranches2,2.2653,FALSE
DBH,"CA-ON, CA-QC",TSUG.CAN,Pinaceae,Tsuga,canadensis,bfoliage1,0.0776,FALSE
DBH,"CA-ON, CA-QC",TSUG.CAN,Pinaceae,Tsuga,canadensis,bfoliage2,1.6995,FALSE
DBH,CA-ON,JUNI.VIR,Cupressaceae,Juniperus,virginiana,bwood1,0.1277,FALSE
DBH,CA-ON,JUNI.VIR,Cupressaceae,Juniperus,virginiana,bwood2,1.9778,FALSE
DBH,CA-ON,JUNI.VIR,Cupressaceae,Juniperus,virginiana,bbark1,0.0377,FALSE
DBH,CA-ON,JUNI.VIR,Cupressaceae,Juniperus,virginiana,bbark2,1.6064,FALSE
DBH,CA-ON,JUNI.VIR,Cupressaceae,Juniperus,virginiana,bbranches1,0.0254,FALSE
DBH,CA-ON,JUNI.VIR,Cupressaceae,Juniperus,virginiana,bbranches2,2.2884,FALSE
DBH,CA-ON,JUNI.VIR,Cupressaceae,Juniperus,virginiana,bfoliage1,0.055,FALSE
DBH,CA-ON,JUNI.VIR,Cupressaceae,Juniperus,virginiana,bfoliage2,1.8656,FALSE
DBH,"CA-ON, CA-QC",THUJ.OCC,Cupressaceae,Thuja,occidentalis,bwood1,0.0654,FALSE
DBH,"CA-ON, CA-QC",THUJ.OCC,Cupressaceae,Thuja,occidentalis,bwood2,2.2121,FALSE
DBH,"CA-ON, CA-QC",THUJ.OCC,Cupressaceae,Thuja,occidentalis,bbark1,0.0114,FALSE
DBH,"CA-ON, CA-QC",THUJ.OCC,Cupressaceae,Thuja,occidentalis,bbark2,2.1432,FALSE
DBH,"CA-ON, CA-QC",THUJ.OCC,Cupressaceae,Thuja,occidentalis,bbranches1,0.0335,FALSE
DBH,"CA-ON, CA-QC",THUJ.OCC,Cupressaceae,Thuja,occidentalis,bbranches2,1.9367,FALSE
DBH,"CA-ON, CA-QC",THUJ.OCC,Cupressaceae,Thuja,occidentalis,bfoliage1,0.0499,FALSE
DBH,"CA-ON, CA-QC",THUJ.OCC,Cupressaceae,Thuja,occidentalis,bfoliage2,1.7278,FALSE
DBH,"CA-ON, CA-QC",PINU.STR,Pinaceae,Pinus,strobus,bwood1,0.0997,FALSE
DBH,"CA-ON, CA-QC",PINU.STR,Pinaceae,Pinus,strobus,bwood2,2.2709,FALSE
DBH,"CA-ON, CA-QC",PINU.STR,Pinaceae,Pinus,strobus,bbark1,0.0192,FALSE
DBH,"CA-ON, CA-QC",PINU.STR,Pinaceae,Pinus,strobus,bbark2,2.2038,FALSE
DBH,"CA-ON, CA-QC",PINU.STR,Pinaceae,Pinus,strobus,bbranches1,0.0056,FALSE
DBH,"CA-ON, CA-QC",PINU.STR,Pinaceae,Pinus,strobus,bbranches2,2.6011,FALSE
DBH,"CA-ON, CA-QC",PINU.STR,Pinaceae,Pinus,strobus,bfoliage1,0.0284,FALSE
DBH,"CA-ON, CA-QC",PINU.STR,Pinaceae,Pinus,strobus,bfoliage2,1.9375,FALSE
DBH,CA-NS,BETU.POP,Betulaceae,Betula,populifolia,bwood1,0.072,FALSE
DBH,CA-NS,BETU.POP,Betulaceae,Betula,populifolia,bwood2,2.3885,FALSE
DBH,CA-NS,BETU.POP,Betulaceae,Betula,populifolia,bbark1,0.0168,FALSE
DBH,CA-NS,BETU.POP,Betulaceae,Betula,populifolia,bbark2,2.2569,FALSE
DBH,CA-NS,BETU.POP,Betulaceae,Betula,populifolia,bbranches1,0.0088,FALSE
DBH,CA-NS,BETU.POP,Betulaceae,Betula,populifolia,bbranches2,2.5689,FALSE
DBH,CA-NS,BETU.POP,Betulaceae,Betula,populifolia,bfoliage1,0.0099,FALSE
DBH,CA-NS,BETU.POP,Betulaceae,Betula,populifolia,bfoliage2,1.8985,FALSE
DBH,"CA-ON, CA-QC",CARY.SPP,NA,Carya,NA,bwood1,0.2116,FALSE
DBH,"CA-ON, CA-QC",CARY.SPP,NA,Carya,NA,bwood2,2.2013,FALSE
DBH,"CA-ON, CA-QC",CARY.SPP,NA,Carya,NA,bbark1,0.0365,FALSE
DBH,"CA-ON, CA-QC",CARY.SPP,NA,Carya,NA,bbark2,2.1133,FALSE
DBH,"CA-ON, CA-QC",CARY.SPP,NA,Carya,NA,bbranches1,0.0087,FALSE
DBH,"CA-ON, CA-QC",CARY.SPP,NA,Carya,NA,bbranches2,2.8927,FALSE
DBH,"CA-ON, CA-QC",CARY.SPP,NA,Carya,NA,bfoliage1,0.0173,FALSE
DBH,"CA-ON, CA-QC",CARY.SPP,NA,Carya,NA,bfoliage2,1.983,FALSE
DBH,CA-ON,OSTR.VIR,Betulaceae,Ostrya,virginiana,bwood1,0.1929,FALSE
DBH,CA-ON,OSTR.VIR,Betulaceae,Ostrya,virginiana,bwood2,1.9672,FALSE
DBH,CA-ON,OSTR.VIR,Betulaceae,Ostrya,virginiana,bbark1,0.0671,FALSE
DBH,CA-ON,OSTR.VIR,Betulaceae,Ostrya,virginiana,bbark2,1.5911,FALSE
DBH,CA-ON,OSTR.VIR,Betulaceae,Ostrya,virginiana,bbranches1,0.0278,FALSE
DBH,CA-ON,OSTR.VIR,Betulaceae,Ostrya,virginiana,bbranches2,2.1336,FALSE
DBH,CA-ON,OSTR.VIR,Betulaceae,Ostrya,virginiana,bfoliage1,0.0293,FALSE
DBH,CA-ON,OSTR.VIR,Betulaceae,Ostrya,virginiana,bfoliage2,1.9502,FALSE
DBH,"CA-AB, CA-MB, CA-NL, CA-NT, CA-ON, CA-QC, CA-SK",PINU.BAN,Pinaceae,Pinus,banksiana,bwood1,0.0804,FALSE
DBH,"CA-AB, CA-MB, CA-NL, CA-NT, CA-ON, CA-QC, CA-SK",PINU.BAN,Pinaceae,Pinus,banksiana,bwood2,2.4041,FALSE
DBH,"CA-AB, CA-MB, CA-NL, CA-NT, CA-ON, CA-QC, CA-SK",PINU.BAN,Pinaceae,Pinus,banksiana,bbark1,0.0184,FALSE
DBH,"CA-AB, CA-MB, CA-NL, CA-NT, CA-ON, CA-QC, CA-SK",PINU.BAN,Pinaceae,Pinus,banksiana,bbark2,2.0703,FALSE
DBH,"CA-AB, CA-MB, CA-NL, CA-NT, CA-ON, CA-QC, CA-SK",PINU.BAN,Pinaceae,Pinus,banksiana,bbranches1,0.0079,FALSE
DBH,"CA-AB, CA-MB, CA-NL, CA-NT, CA-ON, CA-QC, CA-SK",PINU.BAN,Pinaceae,Pinus,banksiana,bbranches2,2.4155,FALSE
DBH,"CA-AB, CA-MB, CA-NL, CA-NT, CA-ON, CA-QC, CA-SK",PINU.BAN,Pinaceae,Pinus,banksiana,bfoliage1,0.0389,FALSE
DBH,"CA-AB, CA-MB, CA-NL, CA-NT, CA-ON, CA-QC, CA-SK",PINU.BAN,Pinaceae,Pinus,banksiana,bfoliage2,1.729,FALSE
DBH,CA-ON,POPU.GRA,Salicaceae,Populus,grandidentata,bwood1,0.0959,FALSE
DBH,CA-ON,POPU.GRA,Salicaceae,Populus,grandidentata,bwood2,2.343,FALSE
DBH,CA-ON,POPU.GRA,Salicaceae,Populus,grandidentata,bbark1,0.0308,FALSE
DBH,CA-ON,POPU.GRA,Salicaceae,Populus,grandidentata,bbark2,2.224,FALSE
DBH,CA-ON,POPU.GRA,Salicaceae,Populus,grandidentata,bbranches1,0.0047,FALSE
DBH,CA-ON,POPU.GRA,Salicaceae,Populus,grandidentata,bbranches2,2.653,FALSE
DBH,CA-ON,POPU.GRA,Salicaceae,Populus,grandidentata,bfoliage1,0.008,FALSE
DBH,CA-ON,POPU.GRA,Salicaceae,Populus,grandidentata,bfoliage2,2.0149,FALSE
DBH,"CA-AB, CA-YT",PINU.CON,Pinaceae,Pinus,contorta,bwood1,0.0475,FALSE
DBH,"CA-AB, CA-YT",PINU.CON,Pinaceae,Pinus,contorta,bwood2,2.5437,FALSE
DBH,"CA-AB, CA-YT",PINU.CON,Pinaceae,Pinus,contorta,bbark1,0.0186,FALSE
DBH,"CA-AB, CA-YT",PINU.CON,Pinaceae,Pinus,contorta,bbark2,2.0807,FALSE
DBH,"CA-AB, CA-YT",PINU.CON,Pinaceae,Pinus,contorta,bbranches1,0.0198,FALSE
DBH,"CA-AB, CA-YT",PINU.CON,Pinaceae,Pinus,contorta,bbranches2,2.1287,FALSE
DBH,"CA-AB, CA-YT",PINU.CON,Pinaceae,Pinus,contorta,bfoliage1,0.0432,FALSE
DBH,"CA-AB, CA-YT",PINU.CON,Pinaceae,Pinus,contorta,bfoliage2,1.7166,FALSE
DBH,CA-ON,FRAX.PEN,Oleaceae,Fraxinus,pennsylvanica,bwood1,0.1571,FALSE
DBH,CA-ON,FRAX.PEN,Oleaceae,Fraxinus,pennsylvanica,bwood2,2.1817,FALSE
DBH,CA-ON,FRAX.PEN,Oleaceae,Fraxinus,pennsylvanica,bbark1,0.0416,FALSE
DBH,CA-ON,FRAX.PEN,Oleaceae,Fraxinus,pennsylvanica,bbark2,2.0509,FALSE
DBH,CA-ON,FRAX.PEN,Oleaceae,Fraxinus,pennsylvanica,bbranches1,0.0177,FALSE
DBH,CA-ON,FRAX.PEN,Oleaceae,Fraxinus,pennsylvanica,bbranches2,2.337,FALSE
DBH,CA-ON,FRAX.PEN,Oleaceae,Fraxinus,pennsylvanica,bfoliage1,0.1041,FALSE
DBH,CA-ON,FRAX.PEN,Oleaceae,Fraxinus,pennsylvanica,bfoliage2,1.2185,FALSE
DBH,"CA-NS, CA-ON, CA-QC",ACER.RUB,Sapindaceae,Acer,rubrum,bwood1,0.1014,FALSE
DBH,"CA-NS, CA-ON, CA-QC",ACER.RUB,Sapindaceae,Acer,rubrum,bwood2,2.3448,FALSE
DBH,"CA-NS, CA-ON, CA-QC",ACER.RUB,Sapindaceae,Acer,rubrum,bbark1,0.0291,FALSE
DBH,"CA-NS, CA-ON, CA-QC",ACER.RUB,Sapindaceae,Acer,rubrum,bbark2,2.0893,FALSE
DBH,"CA-NS, CA-ON, CA-QC",ACER.RUB,Sapindaceae,Acer,rubrum,bbranches1,0.0175,FALSE
DBH,"CA-NS, CA-ON, CA-QC",ACER.RUB,Sapindaceae,Acer,rubrum,bbranches2,2.4846,FALSE
DBH,"CA-NS, CA-ON, CA-QC",ACER.RUB,Sapindaceae,Acer,rubrum,bfoliage1,0.0515,FALSE
DBH,"CA-NS, CA-ON, CA-QC",ACER.RUB,Sapindaceae,Acer,rubrum,bfoliage2,1.1598,FALSE
DBH,CA-ON,QUER.RUB,Fagaceae,Quercus,rubra,bwood1,0.1754,FALSE
DBH,CA-ON,QUER.RUB,Fagaceae,Quercus,rubra,bwood2,2.1616,FALSE
DBH,CA-ON,QUER.RUB,Fagaceae,Quercus,rubra,bbark1,0.0381,FALSE
DBH,CA-ON,QUER.RUB,Fagaceae,Quercus,rubra,bbark2,2.0991,FALSE
DBH,CA-ON,QUER.RUB,Fagaceae,Quercus,rubra,bbranches1,0.0085,FALSE
DBH,CA-ON,QUER.RUB,Fagaceae,Quercus,rubra,bbranches2,2.779,FALSE
DBH,CA-ON,QUER.RUB,Fagaceae,Quercus,rubra,bfoliage1,0.0373,FALSE
DBH,CA-ON,QUER.RUB,Fagaceae,Quercus,rubra,bfoliage2,1.674,FALSE
DBH,"CA-NS, CA-ON, CA-QC",PINU.RES,Pinaceae,Pinus,resinosa,bwood1,0.0564,FALSE
DBH,"CA-NS, CA-ON, CA-QC",PINU.RES,Pinaceae,Pinus,resinosa,bwood2,2.4465,FALSE
DBH,"CA-NS, CA-ON, CA-QC",PINU.RES,Pinaceae,Pinus,resinosa,bbark1,0.0188,FALSE
DBH,"CA-NS, CA-ON, CA-QC",PINU.RES,Pinaceae,Pinus,resinosa,bbark2,2.0527,FALSE
DBH,"CA-NS, CA-ON, CA-QC",PINU.RES,Pinaceae,Pinus,resinosa,bbranches1,0.0033,FALSE
DBH,"CA-NS, CA-ON, CA-QC",PINU.RES,Pinaceae,Pinus,resinosa,bbranches2,2.7515,FALSE
DBH,"CA-NS, CA-ON, CA-QC",PINU.RES,Pinaceae,Pinus,resinosa,bfoliage1,0.0212,FALSE
DBH,"CA-NS, CA-ON, CA-QC",PINU.RES,Pinaceae,Pinus,resinosa,bfoliage2,2.069,FALSE
DBH,CA-QC,PICE.RUB,Pinaceae,Picea,rubens,bwood1,0.0989,FALSE
DBH,CA-QC,PICE.RUB,Pinaceae,Picea,rubens,bwood2,2.2814,FALSE
DBH,CA-QC,PICE.RUB,Pinaceae,Picea,rubens,bbark1,0.022,FALSE
DBH,CA-QC,PICE.RUB,Pinaceae,Picea,rubens,bbark2,2.0908,FALSE
DBH,CA-QC,PICE.RUB,Pinaceae,Picea,rubens,bbranches1,5.00E-04,FALSE
DBH,CA-QC,PICE.RUB,Pinaceae,Picea,rubens,bbranches2,3.275,FALSE
DBH,CA-QC,PICE.RUB,Pinaceae,Picea,rubens,bfoliage1,0.0066,FALSE
DBH,CA-QC,PICE.RUB,Pinaceae,Picea,rubens,bfoliage2,2.4213,FALSE
DBH,CA-ON,ACER.SAC,Sapindaceae,Acer,saccharinum,bwood1,0.2324,FALSE
DBH,CA-ON,ACER.SAC,Sapindaceae,Acer,saccharinum,bwood2,2.1,FALSE
DBH,CA-ON,ACER.SAC,Sapindaceae,Acer,saccharinum,bbark1,0.0278,FALSE
DBH,CA-ON,ACER.SAC,Sapindaceae,Acer,saccharinum,bbark2,2.0433,FALSE
DBH,CA-ON,ACER.SAC,Sapindaceae,Acer,saccharinum,bbranches1,0.0028,FALSE
DBH,CA-ON,ACER.SAC,Sapindaceae,Acer,saccharinum,bbranches2,3.102,FALSE
DBH,CA-ON,ACER.SAC,Sapindaceae,Acer,saccharinum,bfoliage1,0.143,FALSE
DBH,CA-ON,ACER.SAC,Sapindaceae,Acer,saccharinum,bfoliage2,1.258,FALSE
DBH,"CA-ON, CA-QC",ACER.SAH,Sapindaceae,Acer,saccharum,bwood1,0.1315,FALSE
DBH,"CA-ON, CA-QC",ACER.SAH,Sapindaceae,Acer,saccharum,bwood2,2.3129,FALSE
DBH,"CA-ON, CA-QC",ACER.SAH,Sapindaceae,Acer,saccharum,bbark1,0.0631,FALSE
DBH,"CA-ON, CA-QC",ACER.SAH,Sapindaceae,Acer,saccharum,bbark2,1.9241,FALSE
DBH,"CA-ON, CA-QC",ACER.SAH,Sapindaceae,Acer,saccharum,bbranches1,0.033,FALSE
DBH,"CA-ON, CA-QC",ACER.SAH,Sapindaceae,Acer,saccharum,bbranches2,2.3741,FALSE
DBH,"CA-ON, CA-QC",ACER.SAH,Sapindaceae,Acer,saccharum,bfoliage1,0.0393,FALSE
DBH,"CA-ON, CA-QC",ACER.SAH,Sapindaceae,Acer,saccharum,bfoliage2,1.693,FALSE
DBH,"CA-AB, CA-MB, CA-NL, CA-NS, CA-NT, CA-ON, CA-QC, CA-SK",LARI.LAR,Pinaceae,Larix,laricina,bwood1,0.0625,FALSE
DBH,"CA-AB, CA-MB, CA-NL, CA-NS, CA-NT, CA-ON, CA-QC, CA-SK",LARI.LAR,Pinaceae,Larix,laricina,bwood2,2.4475,FALSE
DBH,"CA-AB, CA-MB, CA-NL, CA-NS, CA-NT, CA-ON, CA-QC, CA-SK",LARI.LAR,Pinaceae,Larix,laricina,bbark1,0.0174,FALSE
DBH,"CA-AB, CA-MB, CA-NL, CA-NS, CA-NT, CA-ON, CA-QC, CA-SK",LARI.LAR,Pinaceae,Larix,laricina,bbark2,2.1109,FALSE
DBH,"CA-AB, CA-MB, CA-NL, CA-NS, CA-NT, CA-ON, CA-QC, CA-SK",LARI.LAR,Pinaceae,Larix,laricina,bbranches1,0.0196,FALSE
DBH,"CA-AB, CA-MB, CA-NL, CA-NS, CA-NT, CA-ON, CA-QC, CA-SK",LARI.LAR,Pinaceae,Larix,laricina,bbranches2,2.2652,FALSE
DBH,"CA-AB, CA-MB, CA-NL, CA-NS, CA-NT, CA-ON, CA-QC, CA-SK",LARI.LAR,Pinaceae,Larix,laricina,bfoliage1,0.0801,FALSE
DBH,"CA-AB, CA-MB, CA-NL, CA-NS, CA-NT, CA-ON, CA-QC, CA-SK",LARI.LAR,Pinaceae,Larix,laricina,bfoliage2,1.4875,FALSE
DBH,"CA-AB, CA-MB, CA-NL, CA-NS, CA-NT, CA-ON, CA-QC, CA-SK, CA-YT",POPU.TRE,Salicaceae,Populus,tremuloids,bwood1,0.0605,FALSE
DBH,"CA-AB, CA-MB, CA-NL, CA-NS, CA-NT, CA-ON, CA-QC, CA-SK, CA-YT",POPU.TRE,Salicaceae,Populus,tremuloids,bwood2,0.2475,FALSE
DBH,"CA-AB, CA-MB, CA-NL, CA-NS, CA-NT, CA-ON, CA-QC, CA-SK, CA-YT",POPU.TRE,Salicaceae,Populus,tremuloids,bbark1,0.0168,FALSE
DBH,"CA-AB, CA-MB, CA-NL, CA-NS, CA-NT, CA-ON, CA-QC, CA-SK, CA-YT",POPU.TRE,Salicaceae,Populus,tremuloids,bbark2,0.23949,FALSE
DBH,"CA-AB, CA-MB, CA-NL, CA-NS, CA-NT, CA-ON, CA-QC, CA-SK, CA-YT",POPU.TRE,Salicaceae,Populus,tremuloids,bbranches1,0.008,FALSE
DBH,"CA-AB, CA-MB, CA-NL, CA-NS, CA-NT, CA-ON, CA-QC, CA-SK, CA-YT",POPU.TRE,Salicaceae,Populus,tremuloids,bbranches2,0.25214,FALSE
DBH,"CA-AB, CA-MB, CA-NL, CA-NS, CA-NT, CA-ON, CA-QC, CA-SK, CA-YT",POPU.TRE,Salicaceae,Populus,tremuloids,bfoliage1,0.0261,FALSE
DBH,"CA-AB, CA-MB, CA-NL, CA-NS, CA-NT, CA-ON, CA-QC, CA-SK, CA-YT",POPU.TRE,Salicaceae,Populus,tremuloids,bfoliage2,1.6304,FALSE
DBH,"CA-ON, CA-QC",FRAX.AME,Oleaceae,Fraxinus,americana,bwood1,0.1861,FALSE
DBH,"CA-ON, CA-QC",FRAX.AME,Oleaceae,Fraxinus,americana,bwood2,2.1665,FALSE
DBH,"CA-ON, CA-QC",FRAX.AME,Oleaceae,Fraxinus,americana,bbark1,0.0406,FALSE
DBH,"CA-ON, CA-QC",FRAX.AME,Oleaceae,Fraxinus,americana,bbark2,1.9946,FALSE
DBH,"CA-ON, CA-QC",FRAX.AME,Oleaceae,Fraxinus,americana,bbranches1,0.0461,FALSE
DBH,"CA-ON, CA-QC",FRAX.AME,Oleaceae,Fraxinus,americana,bbranches2,2.2291,FALSE
DBH,"CA-ON, CA-QC",FRAX.AME,Oleaceae,Fraxinus,americana,bfoliage1,0.1106,FALSE
DBH,"CA-ON, CA-QC",FRAX.AME,Oleaceae,Fraxinus,americana,bfoliage2,1.2277,FALSE
DBH,"CA-AB, CA-MB, CA-NL, CA-NS, CA-ON, CA-QC, CA-SK",BETU.PAP,Betulaceae,Betula,papifera,bwood1,0.1861,FALSE
DBH,"CA-AB, CA-MB, CA-NL, CA-NS, CA-ON, CA-QC, CA-SK",BETU.PAP,Betulaceae,Betula,papifera,bwood2,2.1665,FALSE
DBH,"CA-AB, CA-MB, CA-NL, CA-NS, CA-ON, CA-QC, CA-SK",BETU.PAP,Betulaceae,Betula,papifera,bbark1,0.0406,FALSE
DBH,"CA-AB, CA-MB, CA-NL, CA-NS, CA-ON, CA-QC, CA-SK",BETU.PAP,Betulaceae,Betula,papifera,bbark2,1.9946,FALSE
DBH,"CA-AB, CA-MB, CA-NL, CA-NS, CA-ON, CA-QC, CA-SK",BETU.PAP,Betulaceae,Betula,papifera,bbranches1,0.0461,FALSE
DBH,"CA-AB, CA-MB, CA-NL, CA-NS, CA-ON, CA-QC, CA-SK",BETU.PAP,Betulaceae,Betula,papifera,bbranches2,2.2291,FALSE
DBH,"CA-AB, CA-MB, CA-NL, CA-NS, CA-ON, CA-QC, CA-SK",BETU.PAP,Betulaceae,Betula,papifera,bfoliage1,0.1106,FALSE
DBH,"CA-AB, CA-MB, CA-NL, CA-NS, CA-ON, CA-QC, CA-SK",BETU.PAP,Betulaceae,Betula,papifera,bfoliage2,1.2277,FALSE
DBH,CA-ON,ULMU.AME,Ulmaceae,Ulmus,americana,bwood1,0.0402,FALSE
DBH,CA-ON,ULMU.AME,Ulmaceae,Ulmus,americana,bwood2,2.5804,FALSE
DBH,CA-ON,ULMU.AME,Ulmaceae,Ulmus,americana,bbark1,0.0073,FALSE
DBH,CA-ON,ULMU.AME,Ulmaceae,Ulmus,americana,bbark2,2.4859,FALSE
DBH,CA-ON,ULMU.AME,Ulmaceae,Ulmus,americana,bbranches1,0.0401,FALSE
DBH,CA-ON,ULMU.AME,Ulmaceae,Ulmus,americana,bbranches2,2.1826,FALSE
DBH,CA-ON,ULMU.AME,Ulmaceae,Ulmus,americana,bfoliage1,0.075,FALSE
DBH,CA-ON,ULMU.AME,Ulmaceae,Ulmus,americana,bfoliage2,1.3436,FALSE
DBH,CA-ON,QUER.ALB,Fagaceae,Quercus,alba,bwood1,0.0762,FALSE
DBH,CA-ON,QUER.ALB,Fagaceae,Quercus,alba,bwood2,2.3335,FALSE
DBH,CA-ON,QUER.ALB,Fagaceae,Quercus,alba,bbark1,0.0338,FALSE
DBH,CA-ON,QUER.ALB,Fagaceae,Quercus,alba,bbark2,1.9845,FALSE
DBH,CA-ON,QUER.ALB,Fagaceae,Quercus,alba,bbranches1,0.0113,FALSE
DBH,CA-ON,QUER.ALB,Fagaceae,Quercus,alba,bbranches2,2.6211,FALSE
DBH,CA-ON,QUER.ALB,Fagaceae,Quercus,alba,bfoliage1,0.0188,FALSE
DBH,CA-ON,QUER.ALB,Fagaceae,Quercus,alba,bfoliage2,1.7881,FALSE
DBH,"CA-AB, CA-MB, CA-NL, CA-NS, CA-NT, CA-ON, CA-QC, CA-SK, CA-YT",PICE.GLA,Pinaceae,Picea,glauca,bwood1,0.0359,FALSE
DBH,"CA-AB, CA-MB, CA-NL, CA-NS, CA-NT, CA-ON, CA-QC, CA-SK, CA-YT",PICE.GLA,Pinaceae,Picea,glauca,bwood2,2.5775,FALSE
DBH,"CA-AB, CA-MB, CA-NL, CA-NS, CA-NT, CA-ON, CA-QC, CA-SK, CA-YT",PICE.GLA,Pinaceae,Picea,glauca,bbark1,0.0116,FALSE
DBH,"CA-AB, CA-MB, CA-NL, CA-NS, CA-NT, CA-ON, CA-QC, CA-SK, CA-YT",PICE.GLA,Pinaceae,Picea,glauca,bbark2,2.3022,FALSE
DBH,"CA-AB, CA-MB, CA-NL, CA-NS, CA-NT, CA-ON, CA-QC, CA-SK, CA-YT",PICE.GLA,Pinaceae,Picea,glauca,bbranches1,0.0283,FALSE
DBH,"CA-AB, CA-MB, CA-NL, CA-NS, CA-NT, CA-ON, CA-QC, CA-SK, CA-YT",PICE.GLA,Pinaceae,Picea,glauca,bbranches2,2.0823,FALSE
DBH,"CA-AB, CA-MB, CA-NL, CA-NS, CA-NT, CA-ON, CA-QC, CA-SK, CA-YT",PICE.GLA,Pinaceae,Picea,glauca,bfoliage1,0.1601,FALSE
DBH,"CA-AB, CA-MB, CA-NL, CA-NS, CA-NT, CA-ON, CA-QC, CA-SK, CA-YT",PICE.GLA,Pinaceae,Picea,glauca,bfoliage2,1.467,FALSE
DBH,"CA-NS, CA-ON, CA-QC",BETU.ALL,Betulaceae,Betula,alleghaniensis,bwood1,0.1932,FALSE
DBH,"CA-NS, CA-ON, CA-QC",BETU.ALL,Betulaceae,Betula,alleghaniensis,bwood2,2.1569,FALSE
DBH,"CA-NS, CA-ON, CA-QC",BETU.ALL,Betulaceae,Betula,alleghaniensis,bbark1,0.0192,FALSE
DBH,"CA-NS, CA-ON, CA-QC",BETU.ALL,Betulaceae,Betula,alleghaniensis,bbark2,2.2475,FALSE
DBH,"CA-NS, CA-ON, CA-QC",BETU.ALL,Betulaceae,Betula,alleghaniensis,bbranches1,0.0305,FALSE
DBH,"CA-NS, CA-ON, CA-QC",BETU.ALL,Betulaceae,Betula,alleghaniensis,bbranches2,2.4044,FALSE
DBH,"CA-NS, CA-ON, CA-QC",BETU.ALL,Betulaceae,Betula,alleghaniensis,bfoliage1,0.1119,FALSE
DBH,"CA-NS, CA-ON, CA-QC",BETU.ALL,Betulaceae,Betula,alleghaniensis,bfoliage2,1.3973,FALSE
DBH,"CA-AB, CA-MB, CA-NL, CA-NS, CA-NT, CA-ON, CA-QC, CA-SK, CA-YT",UNKN.HWD,NA,NA,NA,bwood1,0.0871,TRUE
DBH,"CA-AB, CA-MB, CA-NL, CA-NS, CA-NT, CA-ON, CA-QC, CA-SK, CA-YT",UNKN.HWD,NA,NA,NA,bwood2,2.3702,TRUE
DBH,"CA-AB, CA-MB, CA-NL, CA-NS, CA-NT, CA-ON, CA-QC, CA-SK, CA-YT",UNKN.HWD,NA,NA,NA,bbark1,0.0241,TRUE
DBH,"CA-AB, CA-MB, CA-NL, CA-NS, CA-NT, CA-ON, CA-QC, CA-SK, CA-YT",UNKN.HWD,NA,NA,NA,bbark2,2.1969,TRUE
DBH,"CA-AB, CA-MB, CA-NL, CA-NS, CA-NT, CA-ON, CA-QC, CA-SK, CA-YT",UNKN.HWD,NA,NA,NA,bbranches1,0.0167,TRUE
DBH,"CA-AB, CA-MB, CA-NL, CA-NS, CA-NT, CA-ON, CA-QC, CA-SK, CA-YT",UNKN.HWD,NA,NA,NA,bbranches2,2.4807,TRUE
DBH,"CA-AB, CA-MB, CA-NL, CA-NS, CA-NT, CA-ON, CA-QC, CA-SK, CA-YT",UNKN.HWD,NA,NA,NA,bfoliage1,0.039,TRUE
DBH,"CA-AB, CA-MB, CA-NL, CA-NS, CA-NT, CA-ON, CA-QC, CA-SK, CA-YT",UNKN.HWD,NA,NA,NA,bfoliage2,1.6229,TRUE
DBH,"CA-AB, CA-MB, CA-NL, CA-NS, CA-NT, CA-ON, CA-QC, CA-SK, CA-YT",UNKN.SWD,NA,NA,NA,bwood1,0.0648,TRUE
DBH,"CA-AB, CA-MB, CA-NL, CA-NS, CA-NT, CA-ON, CA-QC, CA-SK, CA-YT",UNKN.SWD,NA,NA,NA,bwood2,2.3927,TRUE
DBH,"CA-AB, CA-MB, CA-NL, CA-NS, CA-NT, CA-ON, CA-QC, CA-SK, CA-YT",UNKN.SWD,NA,NA,NA,bbark1,0.0162,TRUE
DBH,"CA-AB, CA-MB, CA-NL, CA-NS, CA-NT, CA-ON, CA-QC, CA-SK, CA-YT",UNKN.SWD,NA,NA,NA,bbark2,2.1959,TRUE
DBH,"CA-AB, CA-MB, CA-NL, CA-NS, CA-NT, CA-ON, CA-QC, CA-SK, CA-YT",UNKN.SWD,NA,NA,NA,bbranches1,0.0156,TRUE
DBH,"CA-AB, CA-MB, CA-NL, CA-NS, CA-NT, CA-ON, CA-QC, CA-SK, CA-YT",UNKN.SWD,NA,NA,NA,bbranches2,2.2916,TRUE
DBH,"CA-AB, CA-MB, CA-NL, CA-NS, CA-NT, CA-ON, CA-QC, CA-SK, CA-YT",UNKN.SWD,NA,NA,NA,bfoliage1,0.0861,TRUE
DBH,"CA-AB, CA-MB, CA-NL, CA-NS, CA-NT, CA-ON, CA-QC, CA-SK, CA-YT",UNKN.SWD,NA,NA,NA,bfoliage2,1.6261,TRUE
DBH,"CA-AB, CA-MB, CA-NL, CA-NS, CA-NT, CA-ON, CA-QC, CA-SK, CA-YT",UNKN.SPP,NA,NA,NA,bwood1,0.0787,TRUE
DBH,"CA-AB, CA-MB, CA-NL, CA-NS, CA-NT, CA-ON, CA-QC, CA-SK, CA-YT",UNKN.SPP,NA,NA,NA,bwood2,2.3702,TRUE
DBH,"CA-AB, CA-MB, CA-NL, CA-NS, CA-NT, CA-ON, CA-QC, CA-SK, CA-YT",UNKN.SPP,NA,NA,NA,bbark1,0.0185,TRUE
DBH,"CA-AB, CA-MB, CA-NL, CA-NS, CA-NT, CA-ON, CA-QC, CA-SK, CA-YT",UNKN.SPP,NA,NA,NA,bbark2,2.2159,TRUE
DBH,"CA-AB, CA-MB, CA-NL, CA-NS, CA-NT, CA-ON, CA-QC, CA-SK, CA-YT",UNKN.SPP,NA,NA,NA,bbranches1,0.023,TRUE
DBH,"CA-AB, CA-MB, CA-NL, CA-NS, CA-NT, CA-ON, CA-QC, CA-SK, CA-YT",UNKN.SPP,NA,NA,NA,bbranches2,2.2678,TRUE
DBH,"CA-AB, CA-MB, CA-NL, CA-NS, CA-NT, CA-ON, CA-QC, CA-SK, CA-YT",UNKN.SPP,NA,NA,NA,bfoliage1,0.0767,TRUE
DBH,"CA-AB, CA-MB, CA-NL, CA-NS, CA-NT, CA-ON, CA-QC, CA-SK, CA-YT",UNKN.SPP,NA,NA,NA,bfoliage2,1.572,TRUE
DBHHT,CA-AB,ABIE.LAS,Pinaceae,Abies,lasiocarpa,bwood1,0.0268,FALSE
DBHHT,CA-AB,ABIE.LAS,Pinaceae,Abies,lasiocarpa,bwood2,1.7579,FALSE
DBHHT,CA-AB,ABIE.LAS,Pinaceae,Abies,lasiocarpa,bwood3,0.9871,FALSE
DBHHT,CA-AB,ABIE.LAS,Pinaceae,Abies,lasiocarpa,bbark1,9.00E-04,FALSE
DBHHT,CA-AB,ABIE.LAS,Pinaceae,Abies,lasiocarpa,bbark2,1.446,FALSE
DBHHT,CA-AB,ABIE.LAS,Pinaceae,Abies,lasiocarpa,bbark3,1.8839,FALSE
DBHHT,CA-AB,ABIE.LAS,Pinaceae,Abies,lasiocarpa,bbranches1,0.047,FALSE
DBHHT,CA-AB,ABIE.LAS,Pinaceae,Abies,lasiocarpa,bbranches2,2.9288,FALSE
DBHHT,CA-AB,ABIE.LAS,Pinaceae,Abies,lasiocarpa,bbranches3,-1.1588,FALSE
DBHHT,CA-AB,ABIE.LAS,Pinaceae,Abies,lasiocarpa,bfoliage1,0.0551,FALSE
DBHHT,CA-AB,ABIE.LAS,Pinaceae,Abies,lasiocarpa,bfoliage2,1.785,FALSE
DBHHT,CA-AB,ABIE.LAS,Pinaceae,Abies,lasiocarpa,bfoliage3,0,FALSE
DBHHT,"CA-AB, CA-MB, CA-NL, CA-NS, CA-ON, CA-QC, CA-SK",ABIE.BAL,Pinaceae,Abies,balsamea,bwood1,0.0294,FALSE
DBHHT,"CA-AB, CA-MB, CA-NL, CA-NS, CA-ON, CA-QC, CA-SK",ABIE.BAL,Pinaceae,Abies,balsamea,bwood2,1.8357,FALSE
DBHHT,"CA-AB, CA-MB, CA-NL, CA-NS, CA-ON, CA-QC, CA-SK",ABIE.BAL,Pinaceae,Abies,balsamea,bwood3,0.864,FALSE
DBHHT,"CA-AB, CA-MB, CA-NL, CA-NS, CA-ON, CA-QC, CA-SK",ABIE.BAL,Pinaceae,Abies,balsamea,bbark1,0.0053,FALSE
DBHHT,"CA-AB, CA-MB, CA-NL, CA-NS, CA-ON, CA-QC, CA-SK",ABIE.BAL,Pinaceae,Abies,balsamea,bbark2,2.0876,FALSE
DBHHT,"CA-AB, CA-MB, CA-NL, CA-NS, CA-ON, CA-QC, CA-SK",ABIE.BAL,Pinaceae,Abies,balsamea,bbark3,0.5842,FALSE
DBHHT,"CA-AB, CA-MB, CA-NL, CA-NS, CA-ON, CA-QC, CA-SK",ABIE.BAL,Pinaceae,Abies,balsamea,bbranches1,0.0117,FALSE
DBHHT,"CA-AB, CA-MB, CA-NL, CA-NS, CA-ON, CA-QC, CA-SK",ABIE.BAL,Pinaceae,Abies,balsamea,bbranches2,3.5097,FALSE
DBHHT,"CA-AB, CA-MB, CA-NL, CA-NS, CA-ON, CA-QC, CA-SK",ABIE.BAL,Pinaceae,Abies,balsamea,bbranches3,-1.3006,FALSE
DBHHT,"CA-AB, CA-MB, CA-NL, CA-NS, CA-ON, CA-QC, CA-SK",ABIE.BAL,Pinaceae,Abies,balsamea,bfoliage1,0.1245,FALSE
DBHHT,"CA-AB, CA-MB, CA-NL, CA-NS, CA-ON, CA-QC, CA-SK",ABIE.BAL,Pinaceae,Abies,balsamea,bfoliage2,2.523,FALSE
DBHHT,"CA-AB, CA-MB, CA-NL, CA-NS, CA-ON, CA-QC, CA-SK",ABIE.BAL,Pinaceae,Abies,balsamea,bfoliage3,-1.123,FALSE
DBHHT,"CA-AB, CA-MB, CA-NT, CA-ON, CA-SK",POPU.BAL,Salicaceae,Populus,balsamifera,bwood1,0.0117,FALSE
DBHHT,"CA-AB, CA-MB, CA-NT, CA-ON, CA-SK",POPU.BAL,Salicaceae,Populus,balsamifera,bwood2,1.7757,FALSE
DBHHT,"CA-AB, CA-MB, CA-NT, CA-ON, CA-SK",POPU.BAL,Salicaceae,Populus,balsamifera,bwood3,1.2555,FALSE
DBHHT,"CA-AB, CA-MB, CA-NT, CA-ON, CA-SK",POPU.BAL,Salicaceae,Populus,balsamifera,bbark1,0.018,FALSE
DBHHT,"CA-AB, CA-MB, CA-NT, CA-ON, CA-SK",POPU.BAL,Salicaceae,Populus,balsamifera,bbark2,1.8131,FALSE
DBHHT,"CA-AB, CA-MB, CA-NT, CA-ON, CA-SK",POPU.BAL,Salicaceae,Populus,balsamifera,bbark3,0.5144,FALSE
DBHHT,"CA-AB, CA-MB, CA-NT, CA-ON, CA-SK",POPU.BAL,Salicaceae,Populus,balsamifera,bbranches1,0.0112,FALSE
DBHHT,"CA-AB, CA-MB, CA-NT, CA-ON, CA-SK",POPU.BAL,Salicaceae,Populus,balsamifera,bbranches2,3.0861,FALSE
DBHHT,"CA-AB, CA-MB, CA-NT, CA-ON, CA-SK",POPU.BAL,Salicaceae,Populus,balsamifera,bbranches3,-0.7164,FALSE
DBHHT,"CA-AB, CA-MB, CA-NT, CA-ON, CA-SK",POPU.BAL,Salicaceae,Populus,balsamifera,bfoliage1,0.0617,FALSE
DBHHT,"CA-AB, CA-MB, CA-NT, CA-ON, CA-SK",POPU.BAL,Salicaceae,Populus,balsamifera,bfoliage2,1.8615,FALSE
DBHHT,"CA-AB, CA-MB, CA-NT, CA-ON, CA-SK",POPU.BAL,Salicaceae,Populus,balsamifera,bfoliage3,-0.5375,FALSE
DBHHT,CA-ON,TILI.AME,Malvaceae,Tilia,americana,bwood1,0.0168,FALSE
DBHHT,CA-ON,TILI.AME,Malvaceae,Tilia,americana,bwood2,1.9844,FALSE
DBHHT,CA-ON,TILI.AME,Malvaceae,Tilia,americana,bwood3,0.8989,FALSE
DBHHT,CA-ON,TILI.AME,Malvaceae,Tilia,americana,bbark1,0.0057,FALSE
DBHHT,CA-ON,TILI.AME,Malvaceae,Tilia,americana,bbark2,1.5881,FALSE
DBHHT,CA-ON,TILI.AME,Malvaceae,Tilia,americana,bbark3,1.1472,FALSE
DBHHT,CA-ON,TILI.AME,Malvaceae,Tilia,americana,bbranches1,0.0039,FALSE
DBHHT,CA-ON,TILI.AME,Malvaceae,Tilia,americana,bbranches2,2.0084,FALSE
DBHHT,CA-ON,TILI.AME,Malvaceae,Tilia,americana,bbranches3,0.8588,FALSE
DBHHT,CA-ON,TILI.AME,Malvaceae,Tilia,americana,bfoliage1,0.0147,FALSE
DBHHT,CA-ON,TILI.AME,Malvaceae,Tilia,americana,bfoliage2,1.83,FALSE
DBHHT,CA-ON,TILI.AME,Malvaceae,Tilia,americana,bfoliage3,0,FALSE
DBHHT,"CA-ON, CA-QC",FAGU.GRA,Fagaceae,Fagus,grandifolia,bwood1,0.0432,FALSE
DBHHT,"CA-ON, CA-QC",FAGU.GRA,Fagaceae,Fagus,grandifolia,bwood2,2.0378,FALSE
DBHHT,"CA-ON, CA-QC",FAGU.GRA,Fagaceae,Fagus,grandifolia,bwood3,0.7,FALSE
DBHHT,"CA-ON, CA-QC",FAGU.GRA,Fagaceae,Fagus,grandifolia,bbark1,0.0049,FALSE
DBHHT,"CA-ON, CA-QC",FAGU.GRA,Fagaceae,Fagus,grandifolia,bbark2,1.9057,FALSE
DBHHT,"CA-ON, CA-QC",FAGU.GRA,Fagaceae,Fagus,grandifolia,bbark3,0.677,FALSE
DBHHT,"CA-ON, CA-QC",FAGU.GRA,Fagaceae,Fagus,grandifolia,bbranches1,0.0355,FALSE
DBHHT,"CA-ON, CA-QC",FAGU.GRA,Fagaceae,Fagus,grandifolia,bbranches2,2.3749,FALSE
DBHHT,"CA-ON, CA-QC",FAGU.GRA,Fagaceae,Fagus,grandifolia,bbranches3,0,FALSE
DBHHT,"CA-ON, CA-QC",FAGU.GRA,Fagaceae,Fagus,grandifolia,bfoliage1,0.0452,FALSE
DBHHT,"CA-ON, CA-QC",FAGU.GRA,Fagaceae,Fagus,grandifolia,bfoliage2,1.5567,FALSE
DBHHT,"CA-ON, CA-QC",FAGU.GRA,Fagaceae,Fagus,grandifolia,bfoliage3,0,FALSE
DBHHT,"CA-ON, CA-QC",FRAX.NIG,Oleaceae,Fraxinus,nigra,bwood1,0.0306,FALSE
DBHHT,"CA-ON, CA-QC",FRAX.NIG,Oleaceae,Fraxinus,nigra,bwood2,2.1836,FALSE
DBHHT,"CA-ON, CA-QC",FRAX.NIG,Oleaceae,Fraxinus,nigra,bwood3,0.574,FALSE
DBHHT,"CA-ON, CA-QC",FRAX.NIG,Oleaceae,Fraxinus,nigra,bbark1,0.0897,FALSE
DBHHT,"CA-ON, CA-QC",FRAX.NIG,Oleaceae,Fraxinus,nigra,bbark2,2.2634,FALSE
DBHHT,"CA-ON, CA-QC",FRAX.NIG,Oleaceae,Fraxinus,nigra,bbark3,-0.567,FALSE
DBHHT,"CA-ON, CA-QC",FRAX.NIG,Oleaceae,Fraxinus,nigra,bbranches1,0.0994,FALSE
DBHHT,"CA-ON, CA-QC",FRAX.NIG,Oleaceae,Fraxinus,nigra,bbranches2,2.163,FALSE
DBHHT,"CA-ON, CA-QC",FRAX.NIG,Oleaceae,Fraxinus,nigra,bbranches3,-0.4809,FALSE
DBHHT,"CA-ON, CA-QC",FRAX.NIG,Oleaceae,Fraxinus,nigra,bfoliage1,0.0124,FALSE
DBHHT,"CA-ON, CA-QC",FRAX.NIG,Oleaceae,Fraxinus,nigra,bfoliage2,1.0325,FALSE
DBHHT,"CA-ON, CA-QC",FRAX.NIG,Oleaceae,Fraxinus,nigra,bfoliage3,0.8747,FALSE
DBHHT,CA-ON,PRUN.SER,Rosaceae,Prunus,serotina,bwood1,0.0181,FALSE
DBHHT,CA-ON,PRUN.SER,Rosaceae,Prunus,serotina,bwood2,1.7013,FALSE
DBHHT,CA-ON,PRUN.SER,Rosaceae,Prunus,serotina,bwood3,1.3057,FALSE
DBHHT,CA-ON,PRUN.SER,Rosaceae,Prunus,serotina,bbark1,0.0101,FALSE
DBHHT,CA-ON,PRUN.SER,Rosaceae,Prunus,serotina,bbark2,1.5956,FALSE
DBHHT,CA-ON,PRUN.SER,Rosaceae,Prunus,serotina,bbark3,0.919,FALSE
DBHHT,CA-ON,PRUN.SER,Rosaceae,Prunus,serotina,bbranches1,5.00E-04,FALSE
DBHHT,CA-ON,PRUN.SER,Rosaceae,Prunus,serotina,bbranches2,2.8004,FALSE
DBHHT,CA-ON,PRUN.SER,Rosaceae,Prunus,serotina,bbranches3,0.8603,FALSE
DBHHT,CA-ON,PRUN.SER,Rosaceae,Prunus,serotina,bfoliage1,0.1976,FALSE
DBHHT,CA-ON,PRUN.SER,Rosaceae,Prunus,serotina,bfoliage2,1.4421,FALSE
DBHHT,CA-ON,PRUN.SER,Rosaceae,Prunus,serotina,bfoliage3,-0.5264,FALSE
DBHHT,"CA-AB, CA-MB, CA-NL, CA-NT, CA-ON, CA-QC, CA-SK, CA-YT",PICE.MAR,Pinaceae,Picea,mariana,bwood1,0.0309,FALSE
DBHHT,"CA-AB, CA-MB, CA-NL, CA-NT, CA-ON, CA-QC, CA-SK, CA-YT",PICE.MAR,Pinaceae,Picea,mariana,bwood2,1.7527,FALSE
DBHHT,"CA-AB, CA-MB, CA-NL, CA-NT, CA-ON, CA-QC, CA-SK, CA-YT",PICE.MAR,Pinaceae,Picea,mariana,bwood3,1.0014,FALSE
DBHHT,"CA-AB, CA-MB, CA-NL, CA-NT, CA-ON, CA-QC, CA-SK, CA-YT",PICE.MAR,Pinaceae,Picea,mariana,bbark1,0.0115,FALSE
DBHHT,"CA-AB, CA-MB, CA-NL, CA-NT, CA-ON, CA-QC, CA-SK, CA-YT",PICE.MAR,Pinaceae,Picea,mariana,bbark2,1.7405,FALSE
DBHHT,"CA-AB, CA-MB, CA-NL, CA-NT, CA-ON, CA-QC, CA-SK, CA-YT",PICE.MAR,Pinaceae,Picea,mariana,bbark3,0.6589,FALSE
DBHHT,"CA-AB, CA-MB, CA-NL, CA-NT, CA-ON, CA-QC, CA-SK, CA-YT",PICE.MAR,Pinaceae,Picea,mariana,bbranches1,0.038,FALSE
DBHHT,"CA-AB, CA-MB, CA-NL, CA-NT, CA-ON, CA-QC, CA-SK, CA-YT",PICE.MAR,Pinaceae,Picea,mariana,bbranches2,3.2558,FALSE
DBHHT,"CA-AB, CA-MB, CA-NL, CA-NT, CA-ON, CA-QC, CA-SK, CA-YT",PICE.MAR,Pinaceae,Picea,mariana,bbranches3,-1.4218,FALSE
DBHHT,"CA-AB, CA-MB, CA-NL, CA-NT, CA-ON, CA-QC, CA-SK, CA-YT",PICE.MAR,Pinaceae,Picea,mariana,bfoliage1,0.2048,FALSE
DBHHT,"CA-AB, CA-MB, CA-NL, CA-NT, CA-ON, CA-QC, CA-SK, CA-YT",PICE.MAR,Pinaceae,Picea,mariana,bfoliage2,2.574,FALSE
DBHHT,"CA-AB, CA-MB, CA-NL, CA-NT, CA-ON, CA-QC, CA-SK, CA-YT",PICE.MAR,Pinaceae,Picea,mariana,bfoliage3,-1.3704,FALSE
DBHHT,"CA-ON, CA-QC",TSUG.CAN,Pinaceae,Tsuga,canadensis,bwood1,0.0257,FALSE
DBHHT,"CA-ON, CA-QC",TSUG.CAN,Pinaceae,Tsuga,canadensis,bwood2,1.9277,FALSE
DBHHT,"CA-ON, CA-QC",TSUG.CAN,Pinaceae,Tsuga,canadensis,bwood3,0.8576,FALSE
DBHHT,"CA-ON, CA-QC",TSUG.CAN,Pinaceae,Tsuga,canadensis,bbark1,0.0118,FALSE
DBHHT,"CA-ON, CA-QC",TSUG.CAN,Pinaceae,Tsuga,canadensis,bbark2,1.9893,FALSE
DBHHT,"CA-ON, CA-QC",TSUG.CAN,Pinaceae,Tsuga,canadensis,bbark3,0.47,FALSE
DBHHT,"CA-ON, CA-QC",TSUG.CAN,Pinaceae,Tsuga,canadensis,bbranches1,0.0215,FALSE
DBHHT,"CA-ON, CA-QC",TSUG.CAN,Pinaceae,Tsuga,canadensis,bbranches2,2.6553,FALSE
DBHHT,"CA-ON, CA-QC",TSUG.CAN,Pinaceae,Tsuga,canadensis,bbranches3,-0.4682,FALSE
DBHHT,"CA-ON, CA-QC",TSUG.CAN,Pinaceae,Tsuga,canadensis,bfoliage1,0.1471,FALSE
DBHHT,"CA-ON, CA-QC",TSUG.CAN,Pinaceae,Tsuga,canadensis,bfoliage2,2.0108,FALSE
DBHHT,"CA-ON, CA-QC",TSUG.CAN,Pinaceae,Tsuga,canadensis,bfoliage3,-0.608,FALSE
DBHHT,CA-ON,JUNI.VIR,Cupressaceae,Juniperus,virginiana,bwood1,0.052,FALSE
DBHHT,CA-ON,JUNI.VIR,Cupressaceae,Juniperus,virginiana,bwood2,1.7731,FALSE
DBHHT,CA-ON,JUNI.VIR,Cupressaceae,Juniperus,virginiana,bwood3,0.7054,FALSE
DBHHT,CA-ON,JUNI.VIR,Cupressaceae,Juniperus,virginiana,bbark1,0.0283,FALSE
DBHHT,CA-ON,JUNI.VIR,Cupressaceae,Juniperus,virginiana,bbark2,1.7079,FALSE
DBHHT,CA-ON,JUNI.VIR,Cupressaceae,Juniperus,virginiana,bbark3,0,FALSE
DBHHT,CA-ON,JUNI.VIR,Cupressaceae,Juniperus,virginiana,bbranches1,0.0219,FALSE
DBHHT,CA-ON,JUNI.VIR,Cupressaceae,Juniperus,virginiana,bbranches2,2.3585,FALSE
DBHHT,CA-ON,JUNI.VIR,Cupressaceae,Juniperus,virginiana,bbranches3,0,FALSE
DBHHT,CA-ON,JUNI.VIR,Cupressaceae,Juniperus,virginiana,bfoliage1,0.2575,FALSE
DBHHT,CA-ON,JUNI.VIR,Cupressaceae,Juniperus,virginiana,bfoliage2,2.5136,FALSE
DBHHT,CA-ON,JUNI.VIR,Cupressaceae,Juniperus,virginiana,bfoliage3,-1.5565,FALSE
DBHHT,"CA-ON, CA-QC",THUJ.OCC,Cupressaceae,Thuja,occidentalis,bwood1,0.0295,FALSE
DBHHT,"CA-ON, CA-QC",THUJ.OCC,Cupressaceae,Thuja,occidentalis,bwood2,1.7026,FALSE
DBHHT,"CA-ON, CA-QC",THUJ.OCC,Cupressaceae,Thuja,occidentalis,bwood3,0.9428,FALSE
DBHHT,"CA-ON, CA-QC",THUJ.OCC,Cupressaceae,Thuja,occidentalis,bbark1,0.0076,FALSE
DBHHT,"CA-ON, CA-QC",THUJ.OCC,Cupressaceae,Thuja,occidentalis,bbark2,1.7861,FALSE
DBHHT,"CA-ON, CA-QC",THUJ.OCC,Cupressaceae,Thuja,occidentalis,bbark3,0.6132,FALSE
DBHHT,"CA-ON, CA-QC",THUJ.OCC,Cupressaceae,Thuja,occidentalis,bbranches1,0.0501,FALSE
DBHHT,"CA-ON, CA-QC",THUJ.OCC,Cupressaceae,Thuja,occidentalis,bbranches2,2.5165,FALSE
DBHHT,"CA-ON, CA-QC",THUJ.OCC,Cupressaceae,Thuja,occidentalis,bbranches3,-0.8774,FALSE
DBHHT,"CA-ON, CA-QC",THUJ.OCC,Cupressaceae,Thuja,occidentalis,bfoliage1,0.0813,FALSE
DBHHT,"CA-ON, CA-QC",THUJ.OCC,Cupressaceae,Thuja,occidentalis,bfoliage2,2.218,FALSE
DBHHT,"CA-ON, CA-QC",THUJ.OCC,Cupressaceae,Thuja,occidentalis,bfoliage3,-0.7907,FALSE
DBHHT,"CA-ON, CA-QC",PINU.STR,Pinaceae,Pinus,strobus,bwood1,0.017,FALSE
DBHHT,"CA-ON, CA-QC",PINU.STR,Pinaceae,Pinus,strobus,bwood2,1.7779,FALSE
DBHHT,"CA-ON, CA-QC",PINU.STR,Pinaceae,Pinus,strobus,bwood3,1.137,FALSE
DBHHT,"CA-ON, CA-QC",PINU.STR,Pinaceae,Pinus,strobus,bbark1,0.0069,FALSE
DBHHT,"CA-ON, CA-QC",PINU.STR,Pinaceae,Pinus,strobus,bbark2,1.6589,FALSE
DBHHT,"CA-ON, CA-QC",PINU.STR,Pinaceae,Pinus,strobus,bbark3,0.9582,FALSE
DBHHT,"CA-ON, CA-QC",PINU.STR,Pinaceae,Pinus,strobus,bbranches1,0.0184,FALSE
DBHHT,"CA-ON, CA-QC",PINU.STR,Pinaceae,Pinus,strobus,bbranches2,3.1968,FALSE
DBHHT,"CA-ON, CA-QC",PINU.STR,Pinaceae,Pinus,strobus,bbranches3,-1.0876,FALSE
DBHHT,"CA-ON, CA-QC",PINU.STR,Pinaceae,Pinus,strobus,bfoliage1,0.0584,FALSE
DBHHT,"CA-ON, CA-QC",PINU.STR,Pinaceae,Pinus,strobus,bfoliage2,2.2389,FALSE
DBHHT,"CA-ON, CA-QC",PINU.STR,Pinaceae,Pinus,strobus,bfoliage3,-0.5968,FALSE
DBHHT,CA-NS,BETU.POP,Betulaceae,Betula,populifolia,bwood1,0.0295,FALSE
DBHHT,CA-NS,BETU.POP,Betulaceae,Betula,populifolia,bwood2,1.9064,FALSE
DBHHT,CA-NS,BETU.POP,Betulaceae,Betula,populifolia,bwood3,0.9139,FALSE
DBHHT,CA-NS,BETU.POP,Betulaceae,Betula,populifolia,bbark1,0.0148,FALSE
DBHHT,CA-NS,BETU.POP,Betulaceae,Betula,populifolia,bbark2,1.8433,FALSE
DBHHT,CA-NS,BETU.POP,Betulaceae,Betula,populifolia,bbark3,0.5021,FALSE
DBHHT,CA-NS,BETU.POP,Betulaceae,Betula,populifolia,bbranches1,0.015,FALSE
DBHHT,CA-NS,BETU.POP,Betulaceae,Betula,populifolia,bbranches2,3.0347,FALSE
DBHHT,CA-NS,BETU.POP,Betulaceae,Betula,populifolia,bbranches3,-0.7629,FALSE
DBHHT,CA-NS,BETU.POP,Betulaceae,Betula,populifolia,bfoliage1,0.0455,FALSE
DBHHT,CA-NS,BETU.POP,Betulaceae,Betula,populifolia,bfoliage2,2.6447,FALSE
DBHHT,CA-NS,BETU.POP,Betulaceae,Betula,populifolia,bfoliage3,-1.4955,FALSE
DBHHT,"CA-ON, CA-QC",CARY.SPP,NA,Carya,NA,bwood1,0.0139,TRUE
DBHHT,"CA-ON, CA-QC",CARY.SPP,NA,Carya,NA,bwood2,1.5913,TRUE
DBHHT,"CA-ON, CA-QC",CARY.SPP,NA,Carya,NA,bwood3,1.508,TRUE
DBHHT,"CA-ON, CA-QC",CARY.SPP,NA,Carya,NA,bbark1,0.0081,TRUE
DBHHT,"CA-ON, CA-QC",CARY.SPP,NA,Carya,NA,bbark2,1.4943,TRUE
DBHHT,"CA-ON, CA-QC",CARY.SPP,NA,Carya,NA,bbark3,1.1324,TRUE
DBHHT,"CA-ON, CA-QC",CARY.SPP,NA,Carya,NA,bbranches1,0.005,TRUE
DBHHT,"CA-ON, CA-QC",CARY.SPP,NA,Carya,NA,bbranches2,3.0463,TRUE
DBHHT,"CA-ON, CA-QC",CARY.SPP,NA,Carya,NA,bbranches3,0,TRUE
DBHHT,"CA-ON, CA-QC",CARY.SPP,NA,Carya,NA,bfoliage1,0.0121,TRUE
DBHHT,"CA-ON, CA-QC",CARY.SPP,NA,Carya,NA,bfoliage2,2.0865,TRUE
DBHHT,"CA-ON, CA-QC",CARY.SPP,NA,Carya,NA,bfoliage3,0,TRUE
DBHHT,CA-ON,OSTR.VIR,Betulaceae,Ostrya,virginiana,bwood1,0.0083,FALSE
DBHHT,CA-ON,OSTR.VIR,Betulaceae,Ostrya,virginiana,bwood2,1.6534,FALSE
DBHHT,CA-ON,OSTR.VIR,Betulaceae,Ostrya,virginiana,bwood3,1.7479,FALSE
DBHHT,CA-ON,OSTR.VIR,Betulaceae,Ostrya,virginiana,bbark1,0.0012,FALSE
DBHHT,CA-ON,OSTR.VIR,Betulaceae,Ostrya,virginiana,bbark2,1.1486,FALSE
DBHHT,CA-ON,OSTR.VIR,Betulaceae,Ostrya,virginiana,bbark3,2.2903,FALSE
DBHHT,CA-ON,OSTR.VIR,Betulaceae,Ostrya,virginiana,bbranches1,9.00E-04,FALSE
DBHHT,CA-ON,OSTR.VIR,Betulaceae,Ostrya,virginiana,bbranches2,1.9152,FALSE
DBHHT,CA-ON,OSTR.VIR,Betulaceae,Ostrya,virginiana,bbranches3,1.7769,FALSE
DBHHT,CA-ON,OSTR.VIR,Betulaceae,Ostrya,virginiana,bfoliage1,0.0247,FALSE
DBHHT,CA-ON,OSTR.VIR,Betulaceae,Ostrya,virginiana,bfoliage2,2.0056,FALSE
DBHHT,CA-ON,OSTR.VIR,Betulaceae,Ostrya,virginiana,bfoliage3,0,FALSE
DBHHT,"CA-AB, CA-MB, CA-NL, CA-NT, CA-ON, CA-QC, CA-SK",PINU.BAN,Pinaceae,Pinus,banksiana,bwood1,0.0199,FALSE
DBHHT,"CA-AB, CA-MB, CA-NL, CA-NT, CA-ON, CA-QC, CA-SK",PINU.BAN,Pinaceae,Pinus,banksiana,bwood2,1.6883,FALSE
DBHHT,"CA-AB, CA-MB, CA-NL, CA-NT, CA-ON, CA-QC, CA-SK",PINU.BAN,Pinaceae,Pinus,banksiana,bwood3,1.2456,FALSE
DBHHT,"CA-AB, CA-MB, CA-NL, CA-NT, CA-ON, CA-QC, CA-SK",PINU.BAN,Pinaceae,Pinus,banksiana,bbark1,0.0141,FALSE
DBHHT,"CA-AB, CA-MB, CA-NL, CA-NT, CA-ON, CA-QC, CA-SK",PINU.BAN,Pinaceae,Pinus,banksiana,bbark2,1.5994,FALSE
DBHHT,"CA-AB, CA-MB, CA-NL, CA-NT, CA-ON, CA-QC, CA-SK",PINU.BAN,Pinaceae,Pinus,banksiana,bbark3,0.5957,FALSE
DBHHT,"CA-AB, CA-MB, CA-NL, CA-NT, CA-ON, CA-QC, CA-SK",PINU.BAN,Pinaceae,Pinus,banksiana,bbranches1,0.0185,FALSE
DBHHT,"CA-AB, CA-MB, CA-NL, CA-NT, CA-ON, CA-QC, CA-SK",PINU.BAN,Pinaceae,Pinus,banksiana,bbranches2,3.0584,FALSE
DBHHT,"CA-AB, CA-MB, CA-NL, CA-NT, CA-ON, CA-QC, CA-SK",PINU.BAN,Pinaceae,Pinus,banksiana,bbranches3,-0.9816,FALSE
DBHHT,"CA-AB, CA-MB, CA-NL, CA-NT, CA-ON, CA-QC, CA-SK",PINU.BAN,Pinaceae,Pinus,banksiana,bfoliage1,0.0325,FALSE
DBHHT,"CA-AB, CA-MB, CA-NL, CA-NT, CA-ON, CA-QC, CA-SK",PINU.BAN,Pinaceae,Pinus,banksiana,bfoliage2,1.7879,FALSE
DBHHT,"CA-AB, CA-MB, CA-NL, CA-NT, CA-ON, CA-QC, CA-SK",PINU.BAN,Pinaceae,Pinus,banksiana,bfoliage3,0,FALSE
DBHHT,CA-ON,POPU.GRA,Salicaceae,Populus,grandidentata,bwood1,0.0128,FALSE
DBHHT,CA-ON,POPU.GRA,Salicaceae,Populus,grandidentata,bwood2,2.0633,FALSE
DBHHT,CA-ON,POPU.GRA,Salicaceae,Populus,grandidentata,bwood3,0.9516,FALSE
DBHHT,CA-ON,POPU.GRA,Salicaceae,Populus,grandidentata,bbark1,0.024,FALSE
DBHHT,CA-ON,POPU.GRA,Salicaceae,Populus,grandidentata,bbark2,2.3055,FALSE
DBHHT,CA-ON,POPU.GRA,Salicaceae,Populus,grandidentata,bbark3,0,FALSE
DBHHT,CA-ON,POPU.GRA,Salicaceae,Populus,grandidentata,bbranches1,0.0131,FALSE
DBHHT,CA-ON,POPU.GRA,Salicaceae,Populus,grandidentata,bbranches2,3.1274,FALSE
DBHHT,CA-ON,POPU.GRA,Salicaceae,Populus,grandidentata,bbranches3,-0.8379,FALSE
DBHHT,CA-ON,POPU.GRA,Salicaceae,Populus,grandidentata,bfoliage1,0.0382,FALSE
DBHHT,CA-ON,POPU.GRA,Salicaceae,Populus,grandidentata,bfoliage2,2.1673,FALSE
DBHHT,CA-ON,POPU.GRA,Salicaceae,Populus,grandidentata,bfoliage3,-0.6842,FALSE
DBHHT,"CA-AB, CA-YT",PINU.CON,Pinaceae,Pinus,contorta,bwood1,0.0202,FALSE
DBHHT,"CA-AB, CA-YT",PINU.CON,Pinaceae,Pinus,contorta,bwood2,1.7179,FALSE
DBHHT,"CA-AB, CA-YT",PINU.CON,Pinaceae,Pinus,contorta,bwood3,1.2078,FALSE
DBHHT,"CA-AB, CA-YT",PINU.CON,Pinaceae,Pinus,contorta,bbark1,0.0099,FALSE
DBHHT,"CA-AB, CA-YT",PINU.CON,Pinaceae,Pinus,contorta,bbark2,1.6049,FALSE
DBHHT,"CA-AB, CA-YT",PINU.CON,Pinaceae,Pinus,contorta,bbark3,0.7456,FALSE
DBHHT,"CA-AB, CA-YT",PINU.CON,Pinaceae,Pinus,contorta,bbranches1,0.044,FALSE
DBHHT,"CA-AB, CA-YT",PINU.CON,Pinaceae,Pinus,contorta,bbranches2,3.719,FALSE
DBHHT,"CA-AB, CA-YT",PINU.CON,Pinaceae,Pinus,contorta,bbranches3,-2.0399,FALSE
DBHHT,"CA-AB, CA-YT",PINU.CON,Pinaceae,Pinus,contorta,bfoliage1,0.0785,FALSE
DBHHT,"CA-AB, CA-YT",PINU.CON,Pinaceae,Pinus,contorta,bfoliage2,2.5377,FALSE
DBHHT,"CA-AB, CA-YT",PINU.CON,Pinaceae,Pinus,contorta,bfoliage3,-1.213,FALSE
DBHHT,CA-ON,FRAX.PEN,Oleaceae,Fraxinus,pennsylvanica,bwood1,0.0224,FALSE
DBHHT,CA-ON,FRAX.PEN,Oleaceae,Fraxinus,pennsylvanica,bwood2,1.7845,FALSE
DBHHT,CA-ON,FRAX.PEN,Oleaceae,Fraxinus,pennsylvanica,bwood3,1.066,FALSE
DBHHT,CA-ON,FRAX.PEN,Oleaceae,Fraxinus,pennsylvanica,bbark1,0.0219,FALSE
DBHHT,CA-ON,FRAX.PEN,Oleaceae,Fraxinus,pennsylvanica,bbark2,1.419,FALSE
DBHHT,CA-ON,FRAX.PEN,Oleaceae,Fraxinus,pennsylvanica,bbark3,0.8963,FALSE
DBHHT,CA-ON,FRAX.PEN,Oleaceae,Fraxinus,pennsylvanica,bbranches1,0.0176,FALSE
DBHHT,CA-ON,FRAX.PEN,Oleaceae,Fraxinus,pennsylvanica,bbranches2,2.3313,FALSE
DBHHT,CA-ON,FRAX.PEN,Oleaceae,Fraxinus,pennsylvanica,bbranches3,0,FALSE
DBHHT,CA-ON,FRAX.PEN,Oleaceae,Fraxinus,pennsylvanica,bfoliage1,0.0761,FALSE
DBHHT,CA-ON,FRAX.PEN,Oleaceae,Fraxinus,pennsylvanica,bfoliage2,1.3077,FALSE
DBHHT,CA-ON,FRAX.PEN,Oleaceae,Fraxinus,pennsylvanica,bfoliage3,0,FALSE
DBHHT,"CA-NS, CA-ON, CA-QC",ACER.RUB,Sapindaceae,Acer,rubrum,bwood1,0.0315,FALSE
DBHHT,"CA-NS, CA-ON, CA-QC",ACER.RUB,Sapindaceae,Acer,rubrum,bwood2,2.0342,FALSE
DBHHT,"CA-NS, CA-ON, CA-QC",ACER.RUB,Sapindaceae,Acer,rubrum,bwood3,0.7485,FALSE
DBHHT,"CA-NS, CA-ON, CA-QC",ACER.RUB,Sapindaceae,Acer,rubrum,bbark1,0.0283,FALSE
DBHHT,"CA-NS, CA-ON, CA-QC",ACER.RUB,Sapindaceae,Acer,rubrum,bbark2,2.0907,FALSE
DBHHT,"CA-NS, CA-ON, CA-QC",ACER.RUB,Sapindaceae,Acer,rubrum,bbark3,0,FALSE
DBHHT,"CA-NS, CA-ON, CA-QC",ACER.RUB,Sapindaceae,Acer,rubrum,bbranches1,0.0225,FALSE
DBHHT,"CA-NS, CA-ON, CA-QC",ACER.RUB,Sapindaceae,Acer,rubrum,bbranches2,2.4106,FALSE
DBHHT,"CA-NS, CA-ON, CA-QC",ACER.RUB,Sapindaceae,Acer,rubrum,bbranches3,0,FALSE
DBHHT,"CA-NS, CA-ON, CA-QC",ACER.RUB,Sapindaceae,Acer,rubrum,bfoliage1,0.0571,FALSE
DBHHT,"CA-NS, CA-ON, CA-QC",ACER.RUB,Sapindaceae,Acer,rubrum,bfoliage2,1.4898,FALSE
DBHHT,"CA-NS, CA-ON, CA-QC",ACER.RUB,Sapindaceae,Acer,rubrum,bfoliage3,0,FALSE
DBHHT,CA-ON,QUER.RUB,Fagaceae,Quercus,rubra,bwood1,0.0285,FALSE
DBHHT,CA-ON,QUER.RUB,Fagaceae,Quercus,rubra,bwood2,1.8501,FALSE
DBHHT,CA-ON,QUER.RUB,Fagaceae,Quercus,rubra,bwood3,1.0204,FALSE
DBHHT,CA-ON,QUER.RUB,Fagaceae,Quercus,rubra,bbark1,0.0326,FALSE
DBHHT,CA-ON,QUER.RUB,Fagaceae,Quercus,rubra,bbark2,1.81,FALSE
DBHHT,CA-ON,QUER.RUB,Fagaceae,Quercus,rubra,bbark3,0.4153,FALSE
DBHHT,CA-ON,QUER.RUB,Fagaceae,Quercus,rubra,bbranches1,0.0013,FALSE
DBHHT,CA-ON,QUER.RUB,Fagaceae,Quercus,rubra,bbranches2,3.0637,FALSE
DBHHT,CA-ON,QUER.RUB,Fagaceae,Quercus,rubra,bbranches3,0.3153,FALSE
DBHHT,CA-ON,QUER.RUB,Fagaceae,Quercus,rubra,bfoliage1,0.0582,FALSE
DBHHT,CA-ON,QUER.RUB,Fagaceae,Quercus,rubra,bfoliage2,1.5438,FALSE
DBHHT,CA-ON,QUER.RUB,Fagaceae,Quercus,rubra,bfoliage3,0,FALSE
DBHHT,"CA-NS, CA-ON, CA-QC",PINU.RES,Pinaceae,Pinus,resinosa,bwood1,0.0106,FALSE
DBHHT,"CA-NS, CA-ON, CA-QC",PINU.RES,Pinaceae,Pinus,resinosa,bwood2,1.7725,FALSE
DBHHT,"CA-NS, CA-ON, CA-QC",PINU.RES,Pinaceae,Pinus,resinosa,bwood3,1.3285,FALSE
DBHHT,"CA-NS, CA-ON, CA-QC",PINU.RES,Pinaceae,Pinus,resinosa,bbark1,0.0277,FALSE
DBHHT,"CA-NS, CA-ON, CA-QC",PINU.RES,Pinaceae,Pinus,resinosa,bbark2,1.5192,FALSE
DBHHT,"CA-NS, CA-ON, CA-QC",PINU.RES,Pinaceae,Pinus,resinosa,bbark3,0.4645,FALSE
DBHHT,"CA-NS, CA-ON, CA-QC",PINU.RES,Pinaceae,Pinus,resinosa,bbranches1,0.0125,FALSE
DBHHT,"CA-NS, CA-ON, CA-QC",PINU.RES,Pinaceae,Pinus,resinosa,bbranches2,3.3865,FALSE
DBHHT,"CA-NS, CA-ON, CA-QC",PINU.RES,Pinaceae,Pinus,resinosa,bbranches3,-1.1939,FALSE
DBHHT,"CA-NS, CA-ON, CA-QC",PINU.RES,Pinaceae,Pinus,resinosa,bfoliage1,0.0731,FALSE
DBHHT,"CA-NS, CA-ON, CA-QC",PINU.RES,Pinaceae,Pinus,resinosa,bfoliage2,2.3439,FALSE
DBHHT,"CA-NS, CA-ON, CA-QC",PINU.RES,Pinaceae,Pinus,resinosa,bfoliage3,-0.7378,FALSE
DBHHT,CA-QC,PICE.RUB,Pinaceae,Picea,rubens,bwood1,0.0143,FALSE
DBHHT,CA-QC,PICE.RUB,Pinaceae,Picea,rubens,bwood2,1.6441,FALSE
DBHHT,CA-QC,PICE.RUB,Pinaceae,Picea,rubens,bwood3,1.4065,FALSE
DBHHT,CA-QC,PICE.RUB,Pinaceae,Picea,rubens,bbark1,0.0274,FALSE
DBHHT,CA-QC,PICE.RUB,Pinaceae,Picea,rubens,bbark2,2.0188,FALSE
DBHHT,CA-QC,PICE.RUB,Pinaceae,Picea,rubens,bbark3,0,FALSE
DBHHT,CA-QC,PICE.RUB,Pinaceae,Picea,rubens,bbranches1,5.00E-04,FALSE
DBHHT,CA-QC,PICE.RUB,Pinaceae,Picea,rubens,bbranches2,3.3136,FALSE
DBHHT,CA-QC,PICE.RUB,Pinaceae,Picea,rubens,bbranches3,0,FALSE
DBHHT,CA-QC,PICE.RUB,Pinaceae,Picea,rubens,bfoliage1,0.0106,FALSE
DBHHT,CA-QC,PICE.RUB,Pinaceae,Picea,rubens,bfoliage2,2.2709,FALSE
DBHHT,CA-QC,PICE.RUB,Pinaceae,Picea,rubens,bfoliage3,0,FALSE
DBHHT,CA-ON,ACER.SAC,Sapindaceae,Acer,saccharinum,bwood1,0.0274,FALSE
DBHHT,CA-ON,ACER.SAC,Sapindaceae,Acer,saccharinum,bwood2,1.7126,FALSE
DBHHT,CA-ON,ACER.SAC,Sapindaceae,Acer,saccharinum,bwood3,1.1086,FALSE
DBHHT,CA-ON,ACER.SAC,Sapindaceae,Acer,saccharinum,bbark1,0.0123,FALSE
DBHHT,CA-ON,ACER.SAC,Sapindaceae,Acer,saccharinum,bbark2,1.825,FALSE
DBHHT,CA-ON,ACER.SAC,Sapindaceae,Acer,saccharinum,bbark3,0.501,FALSE
DBHHT,CA-ON,ACER.SAC,Sapindaceae,Acer,saccharinum,bbranches1,0.0543,FALSE
DBHHT,CA-ON,ACER.SAC,Sapindaceae,Acer,saccharinum,bbranches2,3.7343,FALSE
DBHHT,CA-ON,ACER.SAC,Sapindaceae,Acer,saccharinum,bbranches3,-1.6497,FALSE
DBHHT,CA-ON,ACER.SAC,Sapindaceae,Acer,saccharinum,bfoliage1,6.6808,FALSE
DBHHT,CA-ON,ACER.SAC,Sapindaceae,Acer,saccharinum,bfoliage2,2.1092,FALSE
DBHHT,CA-ON,ACER.SAC,Sapindaceae,Acer,saccharinum,bfoliage3,-2.1697,FALSE
DBHHT,"CA-ON, CA-QC",ACER.SAH,Sapindaceae,Acer,saccharum,bwood1,0.0301,FALSE
DBHHT,"CA-ON, CA-QC",ACER.SAH,Sapindaceae,Acer,saccharum,bwood2,2.0313,FALSE
DBHHT,"CA-ON, CA-QC",ACER.SAH,Sapindaceae,Acer,saccharum,bwood3,0.8171,FALSE
DBHHT,"CA-ON, CA-QC",ACER.SAH,Sapindaceae,Acer,saccharum,bbark1,0.0103,FALSE
DBHHT,"CA-ON, CA-QC",ACER.SAH,Sapindaceae,Acer,saccharum,bbark2,1.7111,FALSE
DBHHT,"CA-ON, CA-QC",ACER.SAH,Sapindaceae,Acer,saccharum,bbark3,0.8509,FALSE
DBHHT,"CA-ON, CA-QC",ACER.SAH,Sapindaceae,Acer,saccharum,bbranches1,0.0661,FALSE
DBHHT,"CA-ON, CA-QC",ACER.SAH,Sapindaceae,Acer,saccharum,bbranches2,2.594,FALSE
DBHHT,"CA-ON, CA-QC",ACER.SAH,Sapindaceae,Acer,saccharum,bbranches3,-0.4933,FALSE
DBHHT,"CA-ON, CA-QC",ACER.SAH,Sapindaceae,Acer,saccharum,bfoliage1,2.5019,FALSE
DBHHT,"CA-ON, CA-QC",ACER.SAH,Sapindaceae,Acer,saccharum,bfoliage2,2.4527,FALSE
DBHHT,"CA-ON, CA-QC",ACER.SAH,Sapindaceae,Acer,saccharum,bfoliage3,-2.3008,FALSE
DBHHT,"CA-AB, CA-MB, CA-NL, CA-NS, CA-NT, CA-ON, CA-QC, CA-SK",LARI.LAR,Pinaceae,Larix,laricina,bwood1,0.0276,FALSE
DBHHT,"CA-AB, CA-MB, CA-NL, CA-NS, CA-NT, CA-ON, CA-QC, CA-SK",LARI.LAR,Pinaceae,Larix,laricina,bwood2,1.6724,FALSE
DBHHT,"CA-AB, CA-MB, CA-NL, CA-NS, CA-NT, CA-ON, CA-QC, CA-SK",LARI.LAR,Pinaceae,Larix,laricina,bwood3,1.1443,FALSE
DBHHT,"CA-AB, CA-MB, CA-NL, CA-NS, CA-NT, CA-ON, CA-QC, CA-SK",LARI.LAR,Pinaceae,Larix,laricina,bbark1,0.012,FALSE
DBHHT,"CA-AB, CA-MB, CA-NL, CA-NS, CA-NT, CA-ON, CA-QC, CA-SK",LARI.LAR,Pinaceae,Larix,laricina,bbark2,1.7059,FALSE
DBHHT,"CA-AB, CA-MB, CA-NL, CA-NS, CA-NT, CA-ON, CA-QC, CA-SK",LARI.LAR,Pinaceae,Larix,laricina,bbark3,0.5811,FALSE
DBHHT,"CA-AB, CA-MB, CA-NL, CA-NS, CA-NT, CA-ON, CA-QC, CA-SK",LARI.LAR,Pinaceae,Larix,laricina,bbranches1,0.0336,FALSE
DBHHT,"CA-AB, CA-MB, CA-NL, CA-NS, CA-NT, CA-ON, CA-QC, CA-SK",LARI.LAR,Pinaceae,Larix,laricina,bbranches2,3.1335,FALSE
DBHHT,"CA-AB, CA-MB, CA-NL, CA-NS, CA-NT, CA-ON, CA-QC, CA-SK",LARI.LAR,Pinaceae,Larix,laricina,bbranches3,-1.1559,FALSE
DBHHT,"CA-AB, CA-MB, CA-NL, CA-NS, CA-NT, CA-ON, CA-QC, CA-SK",LARI.LAR,Pinaceae,Larix,laricina,bfoliage1,0.1324,FALSE
DBHHT,"CA-AB, CA-MB, CA-NL, CA-NS, CA-NT, CA-ON, CA-QC, CA-SK",LARI.LAR,Pinaceae,Larix,laricina,bfoliage2,2.114,FALSE
DBHHT,"CA-AB, CA-MB, CA-NL, CA-NS, CA-NT, CA-ON, CA-QC, CA-SK",LARI.LAR,Pinaceae,Larix,laricina,bfoliage3,-0.8781,FALSE
DBHHT,"CA-AB, CA-MB, CA-NL, CA-NS, CA-NT, CA-ON, CA-QC, CA-SK, CA-YT",POPU.TRE,Salicaceae,Populus,tremuloids,bwood1,0.0142,FALSE
DBHHT,"CA-AB, CA-MB, CA-NL, CA-NS, CA-NT, CA-ON, CA-QC, CA-SK, CA-YT",POPU.TRE,Salicaceae,Populus,tremuloids,bwood2,1.9389,FALSE
DBHHT,"CA-AB, CA-MB, CA-NL, CA-NS, CA-NT, CA-ON, CA-QC, CA-SK, CA-YT",POPU.TRE,Salicaceae,Populus,tremuloids,bwood3,1.0572,FALSE
DBHHT,"CA-AB, CA-MB, CA-NL, CA-NS, CA-NT, CA-ON, CA-QC, CA-SK, CA-YT",POPU.TRE,Salicaceae,Populus,tremuloids,bbark1,0.0063,FALSE
DBHHT,"CA-AB, CA-MB, CA-NL, CA-NS, CA-NT, CA-ON, CA-QC, CA-SK, CA-YT",POPU.TRE,Salicaceae,Populus,tremuloids,bbark2,2.0819,FALSE
DBHHT,"CA-AB, CA-MB, CA-NL, CA-NS, CA-NT, CA-ON, CA-QC, CA-SK, CA-YT",POPU.TRE,Salicaceae,Populus,tremuloids,bbark3,0.6617,FALSE
DBHHT,"CA-AB, CA-MB, CA-NL, CA-NS, CA-NT, CA-ON, CA-QC, CA-SK, CA-YT",POPU.TRE,Salicaceae,Populus,tremuloids,bbranches1,0.0137,FALSE
DBHHT,"CA-AB, CA-MB, CA-NL, CA-NS, CA-NT, CA-ON, CA-QC, CA-SK, CA-YT",POPU.TRE,Salicaceae,Populus,tremuloids,bbranches2,2.927,FALSE
DBHHT,"CA-AB, CA-MB, CA-NL, CA-NS, CA-NT, CA-ON, CA-QC, CA-SK, CA-YT",POPU.TRE,Salicaceae,Populus,tremuloids,bbranches3,-0.6221,FALSE
DBHHT,"CA-AB, CA-MB, CA-NL, CA-NS, CA-NT, CA-ON, CA-QC, CA-SK, CA-YT",POPU.TRE,Salicaceae,Populus,tremuloids,bfoliage1,0.027,FALSE
DBHHT,"CA-AB, CA-MB, CA-NL, CA-NS, CA-NT, CA-ON, CA-QC, CA-SK, CA-YT",POPU.TRE,Salicaceae,Populus,tremuloids,bfoliage2,1.6183,FALSE
DBHHT,"CA-AB, CA-MB, CA-NL, CA-NS, CA-NT, CA-ON, CA-QC, CA-SK, CA-YT",POPU.TRE,Salicaceae,Populus,tremuloids,bfoliage3,0,FALSE
DBHHT,"CA-ON, CA-QC",FRAX.AME,Oleaceae,Fraxinus,americana,bwood1,0.0224,FALSE
DBHHT,"CA-ON, CA-QC",FRAX.AME,Oleaceae,Fraxinus,americana,bwood2,1.7438,FALSE
DBHHT,"CA-ON, CA-QC",FRAX.AME,Oleaceae,Fraxinus,americana,bwood3,1.1899,FALSE
DBHHT,"CA-ON, CA-QC",FRAX.AME,Oleaceae,Fraxinus,americana,bbark1,0.0126,FALSE
DBHHT,"CA-ON, CA-QC",FRAX.AME,Oleaceae,Fraxinus,americana,bbark2,1.6456,FALSE
DBHHT,"CA-ON, CA-QC",FRAX.AME,Oleaceae,Fraxinus,americana,bbark3,0.7893,FALSE
DBHHT,"CA-ON, CA-QC",FRAX.AME,Oleaceae,Fraxinus,americana,bbranches1,0.0354,FALSE
DBHHT,"CA-ON, CA-QC",FRAX.AME,Oleaceae,Fraxinus,americana,bbranches2,2.3046,FALSE
DBHHT,"CA-ON, CA-QC",FRAX.AME,Oleaceae,Fraxinus,americana,bbranches3,0,FALSE
DBHHT,"CA-ON, CA-QC",FRAX.AME,Oleaceae,Fraxinus,americana,bfoliage1,0.0195,FALSE
DBHHT,"CA-ON, CA-QC",FRAX.AME,Oleaceae,Fraxinus,americana,bfoliage2,1.0509,FALSE
DBHHT,"CA-ON, CA-QC",FRAX.AME,Oleaceae,Fraxinus,americana,bfoliage3,0.7836,FALSE
DBHHT,"CA-AB, CA-MB, CA-NL, CA-NS, CA-ON, CA-QC, CA-SK",BETU.PAP,Betulaceae,Betula,papifera,bwood1,0.0338,FALSE
DBHHT,"CA-AB, CA-MB, CA-NL, CA-NS, CA-ON, CA-QC, CA-SK",BETU.PAP,Betulaceae,Betula,papifera,bwood2,2.0702,FALSE
DBHHT,"CA-AB, CA-MB, CA-NL, CA-NS, CA-ON, CA-QC, CA-SK",BETU.PAP,Betulaceae,Betula,papifera,bwood3,0.6876,FALSE
DBHHT,"CA-AB, CA-MB, CA-NL, CA-NS, CA-ON, CA-QC, CA-SK",BETU.PAP,Betulaceae,Betula,papifera,bbark1,0.008,FALSE
DBHHT,"CA-AB, CA-MB, CA-NL, CA-NS, CA-ON, CA-QC, CA-SK",BETU.PAP,Betulaceae,Betula,papifera,bbark2,1.9754,FALSE
DBHHT,"CA-AB, CA-MB, CA-NL, CA-NS, CA-ON, CA-QC, CA-SK",BETU.PAP,Betulaceae,Betula,papifera,bbark3,0.6659,FALSE
DBHHT,"CA-AB, CA-MB, CA-NL, CA-NS, CA-ON, CA-QC, CA-SK",BETU.PAP,Betulaceae,Betula,papifera,bbranches1,0.0257,FALSE
DBHHT,"CA-AB, CA-MB, CA-NL, CA-NS, CA-ON, CA-QC, CA-SK",BETU.PAP,Betulaceae,Betula,papifera,bbranches2,3.1754,FALSE
DBHHT,"CA-AB, CA-MB, CA-NL, CA-NS, CA-ON, CA-QC, CA-SK",BETU.PAP,Betulaceae,Betula,papifera,bbranches3,-0.9417,FALSE
DBHHT,"CA-AB, CA-MB, CA-NL, CA-NS, CA-ON, CA-QC, CA-SK",BETU.PAP,Betulaceae,Betula,papifera,bfoliage1,0.1415,FALSE
DBHHT,"CA-AB, CA-MB, CA-NL, CA-NS, CA-ON, CA-QC, CA-SK",BETU.PAP,Betulaceae,Betula,papifera,bfoliage2,2.3074,FALSE
DBHHT,"CA-AB, CA-MB, CA-NL, CA-NS, CA-ON, CA-QC, CA-SK",BETU.PAP,Betulaceae,Betula,papifera,bfoliage3,-1.1189,FALSE
DBHHT,CA-ON,ULMU.AME,Ulmaceae,Ulmus,americana,bwood1,0.0207,FALSE
DBHHT,CA-ON,ULMU.AME,Ulmaceae,Ulmus,americana,bwood2,2.2276,FALSE
DBHHT,CA-ON,ULMU.AME,Ulmaceae,Ulmus,americana,bwood3,0.6488,FALSE
DBHHT,CA-ON,ULMU.AME,Ulmaceae,Ulmus,americana,bbark1,0.0078,FALSE
DBHHT,CA-ON,ULMU.AME,Ulmaceae,Ulmus,americana,bbark2,2.454,FALSE
DBHHT,CA-ON,ULMU.AME,Ulmaceae,Ulmus,americana,bbark3,0,FALSE
DBHHT,CA-ON,ULMU.AME,Ulmaceae,Ulmus,americana,bbranches1,0.0393,FALSE
DBHHT,CA-ON,ULMU.AME,Ulmaceae,Ulmus,americana,bbranches2,2.188,FALSE
DBHHT,CA-ON,ULMU.AME,Ulmaceae,Ulmus,americana,bbranches3,0,FALSE
DBHHT,CA-ON,ULMU.AME,Ulmaceae,Ulmus,americana,bfoliage1,0.0516,FALSE
DBHHT,CA-ON,ULMU.AME,Ulmaceae,Ulmus,americana,bfoliage2,1.4511,FALSE
DBHHT,CA-ON,ULMU.AME,Ulmaceae,Ulmus,americana,bfoliage3,0,FALSE
DBHHT,CA-ON,QUER.ALB,Fagaceae,Quercus,alba,bwood1,0.0442,FALSE
DBHHT,CA-ON,QUER.ALB,Fagaceae,Quercus,alba,bwood2,1.6818,FALSE
DBHHT,CA-ON,QUER.ALB,Fagaceae,Quercus,alba,bwood3,1.031,FALSE
DBHHT,CA-ON,QUER.ALB,Fagaceae,Quercus,alba,bbark1,0.0308,FALSE
DBHHT,CA-ON,QUER.ALB,Fagaceae,Quercus,alba,bbark2,1.7479,FALSE
DBHHT,CA-ON,QUER.ALB,Fagaceae,Quercus,alba,bbark3,0.3504,FALSE
DBHHT,CA-ON,QUER.ALB,Fagaceae,Quercus,alba,bbranches1,0.0022,FALSE
DBHHT,CA-ON,QUER.ALB,Fagaceae,Quercus,alba,bbranches2,2.0165,FALSE
DBHHT,CA-ON,QUER.ALB,Fagaceae,Quercus,alba,bbranches3,1.3953,FALSE
DBHHT,CA-ON,QUER.ALB,Fagaceae,Quercus,alba,bfoliage1,0.0053,FALSE
DBHHT,CA-ON,QUER.ALB,Fagaceae,Quercus,alba,bfoliage2,1.2822,FALSE
DBHHT,CA-ON,QUER.ALB,Fagaceae,Quercus,alba,bfoliage3,1.1323,FALSE
DBHHT,"CA-AB, CA-MB, CA-NL, CA-NS, CA-NT, CA-ON, CA-QC, CA-SK, CA-YT",PICE.GLA,Pinaceae,Picea,glauca,bwood1,0.0252,FALSE
DBHHT,"CA-AB, CA-MB, CA-NL, CA-NS, CA-NT, CA-ON, CA-QC, CA-SK, CA-YT",PICE.GLA,Pinaceae,Picea,glauca,bwood2,1.7819,FALSE
DBHHT,"CA-AB, CA-MB, CA-NL, CA-NS, CA-NT, CA-ON, CA-QC, CA-SK, CA-YT",PICE.GLA,Pinaceae,Picea,glauca,bwood3,1.0022,FALSE
DBHHT,"CA-AB, CA-MB, CA-NL, CA-NS, CA-NT, CA-ON, CA-QC, CA-SK, CA-YT",PICE.GLA,Pinaceae,Picea,glauca,bbark1,0.0096,FALSE
DBHHT,"CA-AB, CA-MB, CA-NL, CA-NS, CA-NT, CA-ON, CA-QC, CA-SK, CA-YT",PICE.GLA,Pinaceae,Picea,glauca,bbark2,1.6901,FALSE
DBHHT,"CA-AB, CA-MB, CA-NL, CA-NS, CA-NT, CA-ON, CA-QC, CA-SK, CA-YT",PICE.GLA,Pinaceae,Picea,glauca,bbark3,0.7393,FALSE
DBHHT,"CA-AB, CA-MB, CA-NL, CA-NS, CA-NT, CA-ON, CA-QC, CA-SK, CA-YT",PICE.GLA,Pinaceae,Picea,glauca,bbranches1,0.0322,FALSE
DBHHT,"CA-AB, CA-MB, CA-NL, CA-NS, CA-NT, CA-ON, CA-QC, CA-SK, CA-YT",PICE.GLA,Pinaceae,Picea,glauca,bbranches2,2.8961,FALSE
DBHHT,"CA-AB, CA-MB, CA-NL, CA-NS, CA-NT, CA-ON, CA-QC, CA-SK, CA-YT",PICE.GLA,Pinaceae,Picea,glauca,bbranches3,-0.9203,FALSE
DBHHT,"CA-AB, CA-MB, CA-NL, CA-NS, CA-NT, CA-ON, CA-QC, CA-SK, CA-YT",PICE.GLA,Pinaceae,Picea,glauca,bfoliage1,0.1832,FALSE
DBHHT,"CA-AB, CA-MB, CA-NL, CA-NS, CA-NT, CA-ON, CA-QC, CA-SK, CA-YT",PICE.GLA,Pinaceae,Picea,glauca,bfoliage2,2.4144,FALSE
DBHHT,"CA-AB, CA-MB, CA-NL, CA-NS, CA-NT, CA-ON, CA-QC, CA-SK, CA-YT",PICE.GLA,Pinaceae,Picea,glauca,bfoliage3,-1.0948,FALSE
DBHHT,"CA-NS, CA-ON, CA-QC",BETU.ALL,Betulaceae,Betula,alleghaniensis,bwood1,0.0259,FALSE
DBHHT,"CA-NS, CA-ON, CA-QC",BETU.ALL,Betulaceae,Betula,alleghaniensis,bwood2,1.9044,FALSE
DBHHT,"CA-NS, CA-ON, CA-QC",BETU.ALL,Betulaceae,Betula,alleghaniensis,bwood3,0.9715,FALSE
DBHHT,"CA-NS, CA-ON, CA-QC",BETU.ALL,Betulaceae,Betula,alleghaniensis,bbark1,0.0069,FALSE
DBHHT,"CA-NS, CA-ON, CA-QC",BETU.ALL,Betulaceae,Betula,alleghaniensis,bbark2,2.0834,FALSE
DBHHT,"CA-NS, CA-ON, CA-QC",BETU.ALL,Betulaceae,Betula,alleghaniensis,bbark3,0.5371,FALSE
DBHHT,"CA-NS, CA-ON, CA-QC",BETU.ALL,Betulaceae,Betula,alleghaniensis,bbranches1,0.0325,FALSE
DBHHT,"CA-NS, CA-ON, CA-QC",BETU.ALL,Betulaceae,Betula,alleghaniensis,bbranches2,2.3851,FALSE
DBHHT,"CA-NS, CA-ON, CA-QC",BETU.ALL,Betulaceae,Betula,alleghaniensis,bbranches3,0,FALSE
DBHHT,"CA-NS, CA-ON, CA-QC",BETU.ALL,Betulaceae,Betula,alleghaniensis,bfoliage1,0.1683,FALSE
DBHHT,"CA-NS, CA-ON, CA-QC",BETU.ALL,Betulaceae,Betula,alleghaniensis,bfoliage2,1.2764,FALSE
DBHHT,"CA-NS, CA-ON, CA-QC",BETU.ALL,Betulaceae,Betula,alleghaniensis,bfoliage3,0,FALSE
DBHHT,"CA-AB, CA-MB, CA-NL, CA-NS, CA-NT, CA-ON, CA-QC, CA-SK, CA-YT",UNKN.HWD,NA,NA,NA,bwood1,9.00E-04,TRUE
DBHHT,"CA-AB, CA-MB, CA-NL, CA-NS, CA-NT, CA-ON, CA-QC, CA-SK, CA-YT",UNKN.HWD,NA,NA,NA,bwood2,0.01,TRUE
DBHHT,"CA-AB, CA-MB, CA-NL, CA-NS, CA-NT, CA-ON, CA-QC, CA-SK, CA-YT",UNKN.HWD,NA,NA,NA,bwood3,0.0168,TRUE
DBHHT,"CA-AB, CA-MB, CA-NL, CA-NS, CA-NT, CA-ON, CA-QC, CA-SK, CA-YT",UNKN.HWD,NA,NA,NA,bbark1,5.00E-04,TRUE
DBHHT,"CA-AB, CA-MB, CA-NL, CA-NS, CA-NT, CA-ON, CA-QC, CA-SK, CA-YT",UNKN.HWD,NA,NA,NA,bbark2,0.0201,TRUE
DBHHT,"CA-AB, CA-MB, CA-NL, CA-NS, CA-NT, CA-ON, CA-QC, CA-SK, CA-YT",UNKN.HWD,NA,NA,NA,bbark3,0.0327,TRUE
DBHHT,"CA-AB, CA-MB, CA-NL, CA-NS, CA-NT, CA-ON, CA-QC, CA-SK, CA-YT",UNKN.HWD,NA,NA,NA,bbranches1,0.0024,TRUE
DBHHT,"CA-AB, CA-MB, CA-NL, CA-NS, CA-NT, CA-ON, CA-QC, CA-SK, CA-YT",UNKN.HWD,NA,NA,NA,bbranches2,0.0309,TRUE
DBHHT,"CA-AB, CA-MB, CA-NL, CA-NS, CA-NT, CA-ON, CA-QC, CA-SK, CA-YT",UNKN.HWD,NA,NA,NA,bbranches3,0.0461,TRUE
DBHHT,"CA-AB, CA-MB, CA-NL, CA-NS, CA-NT, CA-ON, CA-QC, CA-SK, CA-YT",UNKN.HWD,NA,NA,NA,bfoliage1,0.0038,TRUE
DBHHT,"CA-AB, CA-MB, CA-NL, CA-NS, CA-NT, CA-ON, CA-QC, CA-SK, CA-YT",UNKN.HWD,NA,NA,NA,bfoliage2,0.0266,TRUE
DBHHT,"CA-AB, CA-MB, CA-NL, CA-NS, CA-NT, CA-ON, CA-QC, CA-SK, CA-YT",UNKN.HWD,NA,NA,NA,bfoliage3,0.0412,TRUE
DBHHT,"CA-AB, CA-MB, CA-NL, CA-NS, CA-NT, CA-ON, CA-QC, CA-SK, CA-YT",UNKN.SWD,NA,NA,NA,bwood1,0.0284,TRUE
DBHHT,"CA-AB, CA-MB, CA-NL, CA-NS, CA-NT, CA-ON, CA-QC, CA-SK, CA-YT",UNKN.SWD,NA,NA,NA,bwood2,1.6894,TRUE
DBHHT,"CA-AB, CA-MB, CA-NL, CA-NS, CA-NT, CA-ON, CA-QC, CA-SK, CA-YT",UNKN.SWD,NA,NA,NA,bwood3,1.0857,TRUE
DBHHT,"CA-AB, CA-MB, CA-NL, CA-NS, CA-NT, CA-ON, CA-QC, CA-SK, CA-YT",UNKN.SWD,NA,NA,NA,bbark1,0.01,TRUE
DBHHT,"CA-AB, CA-MB, CA-NL, CA-NS, CA-NT, CA-ON, CA-QC, CA-SK, CA-YT",UNKN.SWD,NA,NA,NA,bbark2,1.8463,TRUE
DBHHT,"CA-AB, CA-MB, CA-NL, CA-NS, CA-NT, CA-ON, CA-QC, CA-SK, CA-YT",UNKN.SWD,NA,NA,NA,bbark3,0.5616,TRUE
DBHHT,"CA-AB, CA-MB, CA-NL, CA-NS, CA-NT, CA-ON, CA-QC, CA-SK, CA-YT",UNKN.SWD,NA,NA,NA,bbranches1,0.0301,TRUE
DBHHT,"CA-AB, CA-MB, CA-NL, CA-NS, CA-NT, CA-ON, CA-QC, CA-SK, CA-YT",UNKN.SWD,NA,NA,NA,bbranches2,3.0038,TRUE
DBHHT,"CA-AB, CA-MB, CA-NL, CA-NS, CA-NT, CA-ON, CA-QC, CA-SK, CA-YT",UNKN.SWD,NA,NA,NA,bbranches3,-1.052,TRUE
DBHHT,"CA-AB, CA-MB, CA-NL, CA-NS, CA-NT, CA-ON, CA-QC, CA-SK, CA-YT",UNKN.SWD,NA,NA,NA,bfoliage1,0.1554,TRUE
DBHHT,"CA-AB, CA-MB, CA-NL, CA-NS, CA-NT, CA-ON, CA-QC, CA-SK, CA-YT",UNKN.SWD,NA,NA,NA,bfoliage2,2.4021,TRUE
DBHHT,"CA-AB, CA-MB, CA-NL, CA-NS, CA-NT, CA-ON, CA-QC, CA-SK, CA-YT",UNKN.SWD,NA,NA,NA,bfoliage3,-1.1043,TRUE
DBHHT,"CA-AB, CA-MB, CA-NL, CA-NS, CA-NT, CA-ON, CA-QC, CA-SK, CA-YT",UNKN.SPP,NA,NA,NA,bwood1,0.0348,TRUE
DBHHT,"CA-AB, CA-MB, CA-NL, CA-NS, CA-NT, CA-ON, CA-QC, CA-SK, CA-YT",UNKN.SPP,NA,NA,NA,bwood2,1.9235,TRUE
DBHHT,"CA-AB, CA-MB, CA-NL, CA-NS, CA-NT, CA-ON, CA-QC, CA-SK, CA-YT",UNKN.SPP,NA,NA,NA,bwood3,0.7829,TRUE
DBHHT,"CA-AB, CA-MB, CA-NL, CA-NS, CA-NT, CA-ON, CA-QC, CA-SK, CA-YT",UNKN.SPP,NA,NA,NA,bbark1,0.0139,TRUE
DBHHT,"CA-AB, CA-MB, CA-NL, CA-NS, CA-NT, CA-ON, CA-QC, CA-SK, CA-YT",UNKN.SPP,NA,NA,NA,bbark2,1.5429,TRUE
DBHHT,"CA-AB, CA-MB, CA-NL, CA-NS, CA-NT, CA-ON, CA-QC, CA-SK, CA-YT",UNKN.SPP,NA,NA,NA,bbark3,0.8189,TRUE
DBHHT,"CA-AB, CA-MB, CA-NL, CA-NS, CA-NT, CA-ON, CA-QC, CA-SK, CA-YT",UNKN.SPP,NA,NA,NA,bbranches1,0.0346,TRUE
DBHHT,"CA-AB, CA-MB, CA-NL, CA-NS, CA-NT, CA-ON, CA-QC, CA-SK, CA-YT",UNKN.SPP,NA,NA,NA,bbranches2,2.6706,TRUE
DBHHT,"CA-AB, CA-MB, CA-NL, CA-NS, CA-NT, CA-ON, CA-QC, CA-SK, CA-YT",UNKN.SPP,NA,NA,NA,bbranches3,-0.6033,TRUE
DBHHT,"CA-AB, CA-MB, CA-NL, CA-NS, CA-NT, CA-ON, CA-QC, CA-SK, CA-YT",UNKN.SPP,NA,NA,NA,bfoliage1,0.1822,TRUE
DBHHT,"CA-AB, CA-MB, CA-NL, CA-NS, CA-NT, CA-ON, CA-QC, CA-SK, CA-YT",UNKN.SPP,NA,NA,NA,bfoliage2,2.2864,TRUE
DBHHT,"CA-AB, CA-MB, CA-NL, CA-NS, CA-NT, CA-ON, CA-QC, CA-SK, CA-YT",UNKN.SPP,NA,NA,NA,bfoliage3,-1.1203,TRUE
